SID,ISO_TIME,GEN_LON,GEN_LAT,LON,LAT,PRES,WIND,LANDFRAC
1950050312_are,1950-05-08 00:00:00,-13.0,4.0,-26.0,9.0,101261.0,12.82,0.0
1950050600_aaa,1950-05-12 12:00:00,-9.0,4.5,-34.0,9.0,101156.0,14.73,0.0
1950061612_arf,1950-06-23 12:00:00,-95.5,25.0,-74.5,36.0,101228.0,12.86,0.0
1950061806_bqk,1950-06-20 18:00:00,-50.5,30.0,-45.0,37.0,101320.0,15.64,0.0
1950062912_bql,1950-07-09 12:00:00,-75.5,26.5,-52.5,46.5,100429.0,13.17,0.0
1950070206_bqm,1950-07-06 18:00:00,-59.5,37.0,-34.5,40.0,100381.0,16.27,0.0
1950070300_aab,1950-07-09 06:00:00,-31.5,11.0,-51.0,15.5,100928.0,13.91,0.0
1950071006_bqn,1950-07-12 12:00:00,-62.5,33.5,-47.5,38.5,101452.0,15.56,0.0
1950080100_aac,1950-08-10 00:00:00,-43.0,12.5,-57.0,46.5,99702.0,20.71,0.0
1950080612_azv,1950-08-10 18:00:00,-1.5,16.5,-24.5,25.5,101150.0,13.74,0.0
1950081512_azw,1950-08-27 18:00:00,-61.5,35.0,-24.0,54.0,100911.0,13.7,0.0
1950081600_azx,1950-08-20 00:00:00,-68.0,32.0,-58.5,46.0,100409.0,14.51,0.0
1950082518_biv,1950-08-31 18:00:00,-4.0,15.5,-39.5,23.0,101076.0,12.3,0.0
1950082612_azy,1950-09-06 18:00:00,-29.5,13.0,-29.0,46.5,99105.0,21.54,0.0
1950090106_aad,1950-09-11 18:00:00,-80.5,21.0,-45.0,47.0,100160.0,17.44,0.0
1950090312_arh,1950-09-10 12:00:00,-58.0,31.5,-38.0,36.5,100634.0,13.95,0.0
1950090418_biw,1950-09-14 00:00:00,-74.0,33.5,-10.5,62.5,98544.0,18.09,0.0
1950090600_ari,1950-09-09 00:00:00,-25.0,13.5,-36.0,20.0,101140.0,11.78,0.0
1950090812_aae,1950-09-11 12:00:00,-32.5,11.0,-42.5,14.5,100890.0,14.79,0.0
1950090912_arj,1950-10-02 12:00:00,-19.5,13.5,-18.0,34.5,100090.0,20.36,0.0
1950091612_bix,1950-10-01 12:00:00,-19.5,12.5,-29.0,43.0,99856.0,16.28,0.0
1950091712_aaf,1950-09-22 06:00:00,-20.0,12.0,-47.0,14.5,100658.0,14.34,0.0
1950100212_ark,1950-10-08 12:00:00,-82.5,11.0,-85.5,21.0,100249.0,14.04,0.0
1950101718_azz,1950-10-31 18:00:00,-76.0,16.0,-24.5,43.0,98584.0,17.22,0.0
1950102718_bqr,1950-11-02 06:00:00,-81.0,12.0,-72.5,31.5,99830.0,22.53,0.0
1950102900_baa,1950-11-04 00:00:00,-77.5,15.0,-56.0,32.0,98958.0,27.26,0.0
1950110306_aag,1950-11-15 18:00:00,-81.0,15.0,-64.0,23.0,99918.0,13.35,0.0
1950110512_aah,1950-11-11 18:00:00,-26.5,30.0,-30.0,43.0,99468.0,16.03,0.0
1950112718_bab,1950-12-04 00:00:00,-41.0,30.5,-28.0,53.0,99870.0,21.5,0.0
1950121618_bac,1950-12-19 06:00:00,-41.5,34.0,-28.0,35.5,99612.0,17.51,0.0
1951053018_bad,1951-06-08 12:00:00,-72.5,8.5,-96.5,15.5,100439.0,17.26,0.0
1951060706_biy,1951-06-17 06:00:00,-71.5,26.0,-55.5,53.5,101094.0,13.85,0.0
1951071318_bae,1951-07-19 06:00:00,-82.0,26.0,-66.5,43.0,101494.0,10.31,0.0
1951072000_aai,1951-08-08 12:00:00,-23.5,13.5,-27.5,66.0,97407.0,19.4,0.0
1951072206_aaj,1951-07-24 18:00:00,-15.0,10.0,-21.5,16.5,100748.0,12.41,0.0
1951072400_biz,1951-07-27 06:00:00,-26.5,12.5,-37.5,17.0,100820.0,11.91,0.0
1951080306_bja,1951-08-14 18:00:00,-7.0,14.0,-30.5,52.0,99507.0,19.96,0.0
1951081106_aak,1951-08-14 12:00:00,-43.5,10.5,-66.5,15.5,100852.0,18.05,0.0
1951081318_aro,1951-08-28 12:00:00,-9.0,17.0,-17.0,51.5,100116.0,18.8,0.0
1951081706_aal,1951-09-01 06:00:00,-19.0,15.5,-28.5,53.0,98688.0,21.25,0.0
1951081718_arp,1951-09-05 06:00:00,-58.0,19.0,-33.5,48.5,101319.0,11.45,0.0
1951081818_aam,1951-08-22 18:00:00,-54.0,35.0,-38.5,42.5,101373.0,16.62,0.0
1951083006_bjc,1951-09-02 06:00:00,-23.5,16.0,-38.0,17.5,100731.0,12.77,0.0
1951083012_bag,1951-09-16 12:00:00,-5.5,15.0,-10.0,55.5,100272.0,16.77,0.0
1951090118_aan,1951-09-07 06:00:00,-55.0,30.5,-41.5,50.0,99390.0,20.83,0.0
1951090706_arq,1951-09-11 00:00:00,-39.0,31.0,-40.5,45.5,99729.0,20.03,0.0
1951091106_arr,1951-10-01 12:00:00,-17.5,12.5,-34.5,51.0,96456.0,28.0,0.0
1951091300_aao,1951-09-18 00:00:00,-20.0,13.0,-39.5,25.5,100945.0,16.15,0.0
1951091406_ars,1951-09-19 12:00:00,-16.5,11.5,-35.5,18.5,100141.0,19.22,0.0
1951091618_aap,1951-09-29 00:00:00,-14.0,10.0,-64.0,33.5,100831.0,15.31,0.0
1951091706_art,1951-09-23 12:00:00,-9.0,13.0,-34.5,21.0,100576.0,17.18,0.0
1951092418_bqu,1951-09-27 18:00:00,-61.5,23.0,-55.0,31.5,100658.0,15.86,0.0
1951100918_aru,1951-10-20 06:00:00,-45.5,31.0,-40.0,49.0,98834.0,22.36,0.0
1951101318_aaq,1951-10-17 00:00:00,-67.0,30.0,-32.5,42.5,96974.0,25.91,0.0
1951101606_aar,1951-10-19 18:00:00,-44.5,11.0,-55.5,17.0,100350.0,15.02,0.0
1951101718_bjd,1951-10-31 12:00:00,-79.5,14.5,-44.5,52.0,99000.0,19.07,0.0
1951110706_bje,1951-11-13 18:00:00,-75.0,13.5,-51.0,35.5,99509.0,20.94,0.0
1951110906_bai,1951-11-16 00:00:00,-77.5,10.5,-107.0,14.0,100487.0,12.96,0.0
1952011600_bjf,1952-01-19 12:00:00,-52.0,25.0,-48.5,33.0,99176.0,22.51,0.0
1952030100_aas,1952-03-06 18:00:00,-37.0,27.5,-28.0,37.5,99250.0,19.05,0.0
1952072706_bqw,1952-07-31 00:00:00,-76.5,27.5,-51.0,35.0,100788.0,16.1,0.0
1952073112_arv,1952-08-20 18:00:00,-33.5,8.5,0.0,58.5,98307.0,13.3,0.0
1952080312_bjg,1952-08-05 18:00:00,-31.0,11.5,-41.0,18.0,100827.0,13.37,0.0
1952080418_arw,1952-08-11 18:00:00,-30.5,11.0,-59.5,28.0,101089.0,13.39,0.0
1952081806_baj,1952-09-10 06:00:00,-7.5,16.5,-35.0,53.0,100406.0,15.46,0.0
1952082206_bqx,1952-08-27 12:00:00,-54.5,29.5,-37.5,44.0,99860.0,17.11,0.0
1952082506_arx,1952-09-12 00:00:00,-3.0,11.5,-42.0,52.5,99811.0,17.65,0.0
1952082600_aat,1952-08-29 06:00:00,-20.5,16.0,-38.0,15.5,100655.0,10.85,0.0
1952082600_ary,1952-08-31 12:00:00,-52.0,30.0,-67.0,29.5,100617.0,15.17,0.0
1952082606_bqy,1952-09-10 00:00:00,-20.5,15.0,-48.5,32.5,99530.0,17.66,0.0
1952082700_bjj,1952-09-03 12:00:00,-71.5,24.5,-59.5,42.0,99603.0,16.95,0.0
1952083006_bjk,1952-09-08 00:00:00,-23.5,12.0,-49.0,19.0,100959.0,13.27,0.0
1952090212_aau,1952-09-11 18:00:00,-21.0,13.0,-44.5,36.5,99648.0,15.2,0.0
1952090606_arz,1952-09-11 06:00:00,-6.5,14.0,-11.0,36.0,100580.0,15.23,0.0
1952090918_bjl,1952-09-12 18:00:00,-27.0,12.0,-40.5,19.5,100584.0,17.41,0.0
1952090918_bqz,1952-09-14 00:00:00,-94.5,24.0,-79.0,33.0,100200.0,14.73,0.0
1952091100_aav,1952-09-18 00:00:00,-64.0,27.0,-49.0,37.5,100206.0,14.52,0.0
1952091106_bjm,1952-09-16 12:00:00,-55.0,27.5,-36.5,42.5,99454.0,19.37,0.0
1952091612_asa,1952-09-21 12:00:00,-20.0,14.0,-34.5,20.5,100644.0,12.5,0.0
1952091706_bjn,1952-09-24 12:00:00,-22.5,13.5,-36.0,12.0,101064.0,11.03,0.0
1952091906_bjo,1952-09-25 06:00:00,-17.5,12.0,-24.5,19.0,100206.0,17.38,0.0
1952092000_aax,1952-09-25 12:00:00,-28.5,11.0,-42.0,17.0,101199.0,15.24,0.0
1952092406_aay,1952-10-07 12:00:00,-6.0,10.0,-27.5,50.0,99696.0,18.95,0.0
1952092518_bjp,1952-10-01 12:00:00,-28.5,47.5,-14.5,32.5,101139.0,12.11,0.0
1952093000_bjq,1952-10-03 06:00:00,-20.0,12.5,-33.0,15.5,100360.0,20.65,0.0
1952100206_asc,1952-10-12 00:00:00,-49.0,28.0,-37.5,35.5,99142.0,20.41,0.0
1952100518_asd,1952-10-10 18:00:00,-64.0,25.5,-43.5,24.0,99636.0,18.35,0.0
1952100600_ase,1952-10-16 06:00:00,-73.0,24.0,-27.5,45.5,98997.0,21.68,0.0
1952100700_bjr,1952-10-22 06:00:00,-46.0,23.5,-5.5,51.5,98195.0,19.6,0.0
1952101018_bjs,1952-10-28 06:00:00,-69.0,18.0,-28.0,41.0,99879.0,18.99,0.0
1952102000_asf,1952-10-25 12:00:00,-78.5,13.5,-93.5,15.0,100479.0,15.78,0.0
1952102800_asg,1952-11-04 00:00:00,-78.5,13.5,-92.5,21.0,100103.0,23.01,0.0
1952111706_aaz,1952-11-23 06:00:00,-37.0,36.0,-14.0,31.5,99894.0,18.46,0.0
1952112312_bjt,1952-11-27 00:00:00,-56.5,26.0,-22.0,42.0,98426.0,22.47,0.0
1953062612_bju,1953-07-02 18:00:00,-76.0,28.0,-55.5,37.0,101132.0,15.28,0.0
1953072606_aba,1953-07-29 06:00:00,-76.0,37.5,-61.5,37.5,100317.0,16.16,0.0
1953072706_abb,1953-07-30 18:00:00,-59.0,36.5,-33.5,35.5,100326.0,18.14,0.0
1953080800_bjw,1953-08-12 06:00:00,-78.5,32.0,-35.5,48.0,99426.0,22.98,0.0
1953081406_ash,1953-08-19 12:00:00,-21.0,15.5,-59.0,28.0,101020.0,12.85,0.0
1953081406_asi,1953-08-20 00:00:00,-60.0,28.5,-65.0,50.0,100414.0,12.99,0.0
1953081700_abc,1953-08-21 06:00:00,-51.5,29.0,-38.5,40.5,100027.0,20.25,0.0
1953081800_bjx,1953-08-21 12:00:00,-1.5,14.0,-21.0,23.5,100923.0,13.93,0.0
1953082506_asl,1953-09-07 06:00:00,-5.5,13.0,-41.5,55.5,98752.0,20.78,0.0
1953082506_bjy,1953-09-17 18:00:00,-28.0,16.5,-7.5,51.5,99781.0,15.62,0.0
1953083012_abd,1953-09-17 00:00:00,-12.0,12.5,-18.0,55.5,98842.0,23.37,0.0
1953090500_asm,1953-09-10 06:00:00,-4.5,11.5,-27.5,22.5,100703.0,19.4,0.0
1953090506_bam,1953-09-13 06:00:00,-73.0,35.0,-45.5,51.0,98924.0,21.78,0.0
1953090706_bra,1953-09-10 06:00:00,-76.5,32.0,-61.5,30.5,100491.0,17.06,0.0
1953091106_abf,1953-09-15 00:00:00,-28.5,12.5,-43.0,20.0,101190.0,15.8,0.0
1953091712_abg,1953-09-20 00:00:00,-92.5,25.5,-72.0,37.5,99750.0,24.08,0.0
1953091918_aso,1953-09-22 06:00:00,-75.5,33.5,-65.5,40.0,100690.0,15.34,0.0
1953092012_ban,1953-09-25 12:00:00,-26.0,35.0,-38.5,48.0,101211.0,16.72,0.0
1953092400_asp,1953-10-03 12:00:00,-93.5,22.0,-105.5,21.0,100076.0,12.31,0.0
1953092906_bjz,1953-10-06 18:00:00,-16.0,10.5,-16.5,23.0,100262.0,13.7,0.0
1953100112_bao,1953-10-16 06:00:00,-78.5,10.5,-100.5,17.0,100378.0,13.44,0.0
1953100418_bka,1953-10-07 12:00:00,-86.5,18.5,-83.5,26.5,100536.0,17.25,0.0
1953110400_asq,1953-11-12 12:00:00,-76.5,15.0,-66.0,22.0,100286.0,15.61,0.0
1953111700_bkb,1953-11-27 06:00:00,-49.5,36.0,-36.0,43.0,101056.0,13.29,0.0
1954072300_brb,1954-07-27 12:00:00,-71.5,35.0,-40.0,43.0,100549.0,16.39,0.0
1954072606_asr,1954-08-02 12:00:00,-85.5,27.5,-59.0,55.5,99585.0,12.86,0.0
1954081006_bap,1954-08-14 00:00:00,-8.0,15.5,-28.0,23.5,100895.0,14.05,0.0
1954082706_brc,1954-09-10 12:00:00,-15.5,11.5,-25.0,51.5,99026.0,17.78,0.0
1954090300_abh,1954-09-12 06:00:00,-23.0,9.0,-46.0,27.0,101246.0,13.42,0.0
1954090312_baq,1954-09-09 18:00:00,-10.5,13.5,-28.5,18.0,100660.0,14.93,0.0
1954090412_ass,1954-09-12 12:00:00,-69.5,21.0,-46.0,58.5,98354.0,22.14,0.0
1954090512_bkd,1954-09-08 12:00:00,-33.0,9.5,-48.0,18.0,101052.0,17.49,0.0
1954090600_bar,1954-09-11 00:00:00,-50.5,11.0,-48.5,20.0,100606.0,17.28,0.0
1954091012_bke,1954-09-23 06:00:00,-54.5,23.0,-8.5,50.5,100624.0,14.76,0.0
1954091400_ast,1954-09-18 06:00:00,-18.5,12.0,-34.5,18.5,100131.0,16.19,0.0
1954091512_bau,1954-10-09 18:00:00,-16.0,12.5,-38.5,53.5,101446.0,17.09,0.0
1954092206_bkg,1954-10-02 18:00:00,-63.5,22.5,0.0,75.0,96566.0,14.65,0.0
1954100300_abi,1954-10-08 18:00:00,-50.0,31.5,-30.0,48.0,99965.0,17.72,0.0
1954100412_asu,1954-10-08 06:00:00,-20.5,10.5,-35.0,14.0,100728.0,14.05,0.0
1954101012_bav,1954-10-24 00:00:00,-79.5,11.5,-38.5,52.5,96776.0,23.53,0.0
1954101206_brf,1954-10-21 18:00:00,-80.0,12.0,-71.5,29.5,100183.0,18.48,0.0
1954101300_abj,1954-10-16 18:00:00,-67.0,32.0,-49.5,42.0,100152.0,16.94,0.0
1954101400_abk,1954-10-25 00:00:00,-83.0,13.5,-85.5,26.5,99447.0,20.62,0.0
1954102500_abl,1954-10-29 12:00:00,-53.5,38.5,-28.0,50.0,98581.0,25.27,0.0
1955051000_abn,1955-05-13 12:00:00,-59.0,32.5,-29.5,37.5,99171.0,17.09,0.0
1955060812_brg,1955-06-18 12:00:00,-96.0,21.0,-22.0,40.0,97346.0,21.03,0.0
1955061406_bkh,1955-06-18 06:00:00,-66.5,24.5,-58.5,44.0,100235.0,19.58,0.0
1955061712_asv,1955-06-20 06:00:00,-31.0,8.0,-49.0,12.0,100882.0,17.07,0.0
1955061912_abo,1955-06-22 18:00:00,-23.0,12.5,-42.0,14.0,100852.0,12.12,0.0
1955071512_asw,1955-07-20 06:00:00,-22.0,10.0,-35.5,20.5,100804.0,10.49,0.0
1955072900_bax,1955-08-01 12:00:00,-75.5,27.0,-64.0,44.5,100637.0,15.55,0.0
1955080206_brh,1955-08-07 06:00:00,-75.0,31.0,-33.5,40.5,100077.0,27.59,0.0
1955080212_bki,1955-08-07 12:00:00,-61.5,30.5,-47.5,33.5,100792.0,15.16,0.0
1955080412_bkj,1955-08-18 00:00:00,-38.5,13.5,-24.5,58.0,99019.0,16.48,0.0
1955081018_abr,1955-09-02 18:00:00,-2.0,16.5,-43.0,55.0,98340.0,18.75,0.0
1955081406_bkk,1955-08-31 12:00:00,-4.5,18.5,-29.0,35.0,101378.0,14.54,0.0
1955081706_bkl,1955-08-22 12:00:00,-32.0,12.5,-43.0,20.0,101219.0,11.09,0.0
1955082006_bkm,1955-08-25 00:00:00,-12.5,14.5,-34.0,19.5,101161.0,12.62,0.0
1955082512_bay,1955-08-30 12:00:00,-21.0,14.0,-40.5,19.5,101252.0,12.64,0.0
1955082512_bri,1955-09-06 06:00:00,-72.5,31.0,-39.5,62.0,99626.0,18.08,0.0
1955083118_bko,1955-09-04 12:00:00,-15.5,16.0,-31.0,19.5,101288.0,17.21,0.0
1955090106_brj,1955-09-11 06:00:00,-69.0,23.5,-33.5,48.0,97175.0,23.23,0.0
1955090506_abs,1955-09-12 00:00:00,-20.5,15.0,-39.5,28.0,100120.0,20.82,0.0
1955090600_asy,1955-09-09 06:00:00,-17.0,14.5,-32.5,14.5,100412.0,15.47,0.0
1955090718_brk,1955-09-22 06:00:00,-10.5,15.5,-36.5,55.5,97368.0,22.94,0.0
1955090806_bkp,1955-09-11 00:00:00,-48.5,28.5,-53.5,36.0,101679.0,13.29,0.0
1955090900_bkq,1955-09-30 06:00:00,-16.5,15.5,-48.0,47.5,99482.0,14.51,0.0
1955091206_asz,1955-10-01 00:00:00,-79.5,18.0,-19.5,60.5,98784.0,13.08,0.0
1955091312_abv,1955-09-19 12:00:00,-38.0,33.0,-7.0,49.0,99529.0,17.05,0.0
1955091406_baz,1955-09-17 06:00:00,-16.0,10.5,-33.0,15.0,100509.0,20.7,0.0
1955091618_ata,1955-09-26 00:00:00,-17.5,12.0,-26.0,34.5,101010.0,14.84,0.0
1955092100_atb,1955-10-03 18:00:00,-17.5,13.5,-39.5,38.5,101018.0,16.94,0.0
1955092118_bkr,1955-09-24 12:00:00,-20.5,12.0,-34.0,17.0,100905.0,16.08,0.0
1955100112_bba,1955-10-08 00:00:00,-81.0,13.0,-72.5,40.0,98699.0,26.37,0.0
1955100918_atc,1955-10-12 18:00:00,-84.0,14.0,-95.0,19.0,100908.0,10.21,0.0
1955101100_bks,1955-10-16 12:00:00,-62.0,35.0,-49.0,40.0,101323.0,14.28,0.0
1955101106_atd,1955-10-19 00:00:00,-48.0,31.0,-50.0,43.0,100128.0,17.56,0.0
1955102000_abw,1955-11-03 18:00:00,-66.0,15.0,-47.0,45.0,100875.0,20.05,0.0
1955102012_bbb,1955-10-25 12:00:00,-59.0,33.0,-73.5,40.5,100521.0,16.19,0.0
1956021900_bbc,1956-02-22 00:00:00,-51.5,37.0,-58.5,26.5,100494.0,17.7,0.0
1956043006_ate,1956-05-10 06:00:00,-69.5,24.5,-22.0,32.0,100255.0,14.9,0.0
1956060300_brl,1956-06-07 06:00:00,-83.5,19.5,-87.5,28.5,100413.0,14.19,0.0
1956060806_brm,1956-06-21 12:00:00,-14.5,10.5,-56.0,24.0,101011.0,15.03,0.0
1956061006_bkt,1956-06-13 06:00:00,-86.5,16.5,-96.5,20.5,100646.0,14.23,0.0
1956061318_atf,1956-06-19 00:00:00,-79.0,23.0,-69.0,41.5,100434.0,16.46,0.0
1956062000_atg,1956-06-23 00:00:00,-85.0,14.5,-85.5,27.0,99997.0,18.69,0.0
1956070912_abz,1956-07-20 06:00:00,-79.0,32.5,-27.5,57.0,98948.0,17.29,0.0
1956072906_brn,1956-08-13 18:00:00,-29.5,13.5,-7.0,45.0,100262.0,21.06,0.0
1956073112_ath,1956-08-10 00:00:00,-68.5,22.5,-47.0,48.5,100126.0,11.29,0.0
1956080506_ati,1956-08-11 06:00:00,-4.5,14.0,-32.0,18.5,100652.0,14.86,0.0
1956082118_bro,1956-08-28 00:00:00,-61.0,29.5,-19.0,52.0,101282.0,14.12,0.0
1956082218_atj,1956-09-02 00:00:00,-55.0,30.5,-35.5,47.5,99251.0,13.95,0.0
1956082506_bku,1956-08-30 12:00:00,-74.5,25.5,-95.0,22.0,100329.0,13.64,0.0
1956082806_bbe,1956-09-05 06:00:00,-2.5,11.5,-28.0,19.0,100620.0,15.38,0.0
1956083106_atk,1956-09-10 18:00:00,-63.0,36.5,-30.0,41.0,100163.0,18.11,0.0
1956090100_bkv,1956-09-05 12:00:00,-40.5,23.5,-39.0,48.5,100515.0,18.0,0.0
1956090206_atl,1956-09-07 06:00:00,-1.5,16.0,-22.0,24.5,100853.0,11.18,0.0
1956090300_bbf,1956-09-08 06:00:00,-63.0,28.0,-47.5,52.0,98837.0,24.72,0.0
1956090712_brp,1956-09-14 18:00:00,-16.5,14.5,-50.5,29.0,101082.0,16.15,0.0
1956090806_bbg,1956-09-12 06:00:00,-27.5,12.0,-38.0,19.0,100762.0,14.2,0.0
1956091106_brq,1956-09-17 06:00:00,-84.0,27.5,-67.5,39.5,99970.0,17.54,0.0
1956091306_atm,1956-09-16 18:00:00,-16.5,16.5,-30.0,17.5,100861.0,14.17,0.0
1956091918_aca,1956-09-22 12:00:00,-18.5,11.5,-33.5,20.0,101175.0,15.05,0.0
1956092218_bbh,1956-09-30 06:00:00,-18.0,11.5,-43.0,15.5,100390.0,18.15,0.0
1956092218_bkw,1956-09-25 12:00:00,-16.5,11.0,-24.0,21.0,100423.0,17.3,0.0
1956101012_bkx,1956-10-18 18:00:00,-61.5,36.5,-30.5,47.0,99624.0,16.68,0.0
1956103112_acb,1956-11-04 12:00:00,-40.5,22.5,-45.0,43.0,101425.0,14.16,0.0
1956111212_acc,1956-11-17 06:00:00,-64.0,41.0,-41.0,44.5,98807.0,20.56,0.0
1956112218_bbi,1956-11-30 18:00:00,-40.0,28.5,-36.5,44.0,99590.0,22.0,0.0
1957040218_acd,1957-04-06 12:00:00,-87.5,25.0,-51.5,48.5,97860.0,27.89,0.0
1957051618_bbj,1957-05-23 12:00:00,-78.5,18.5,-53.5,28.5,98729.0,26.68,0.0
1957071318_brr,1957-07-20 06:00:00,-83.5,11.0,-102.5,18.0,100061.0,13.67,0.0
1957072006_ace,1957-07-26 06:00:00,-77.0,31.0,-42.0,41.0,100723.0,15.37,0.0
1957072106_acf,1957-07-30 00:00:00,-92.5,34.0,-27.5,48.0,101393.0,10.82,0.0
1957072912_bbm,1957-08-01 12:00:00,-26.0,11.5,-45.0,15.0,101099.0,14.42,0.0
1957082512_bkz,1957-08-28 12:00:00,-13.5,15.5,-20.0,22.0,100707.0,15.66,0.0
1957082900_brt,1957-09-02 12:00:00,-22.5,13.0,-46.5,18.0,100762.0,17.29,0.0
1957090106_ato,1957-09-06 06:00:00,-8.5,14.0,-38.0,18.0,100767.0,15.63,0.0
1957090106_bla,1957-09-05 06:00:00,-58.5,34.5,-54.0,44.5,101034.0,11.15,0.0
1957090118_blb,1957-09-06 12:00:00,-11.0,14.0,-33.0,24.0,100914.0,20.8,0.0
1957090418_bru,1957-09-10 12:00:00,-56.0,22.5,-56.0,42.5,100245.0,19.48,0.0
1957090700_acg,1957-09-22 12:00:00,-38.5,13.5,-34.0,53.0,98604.0,18.83,0.0
1957090806_bld,1957-09-13 00:00:00,-39.5,28.5,-25.5,40.0,100326.0,20.3,0.0
1957090918_brw,1957-09-17 06:00:00,-15.5,13.5,-49.0,22.5,100692.0,17.14,0.0
1957091006_ble,1957-09-15 12:00:00,-58.0,28.0,-48.0,45.5,99852.0,13.99,0.0
1957091206_atq,1957-09-15 06:00:00,-96.5,26.5,-81.5,25.5,100070.0,15.12,0.0
1957091518_bbo,1957-09-20 06:00:00,-8.0,12.5,-28.5,15.0,100558.0,10.67,0.0
1957092112_ach,1957-09-26 12:00:00,-63.5,25.5,-58.5,46.0,99980.0,23.18,0.0
1957092506_blf,1957-09-29 18:00:00,-68.0,22.5,-76.0,29.0,100421.0,17.61,0.0
1957092606_aci,1957-09-28 18:00:00,-16.5,11.0,-28.5,14.0,100582.0,12.35,0.0
1957100300_blg,1957-10-08 12:00:00,-16.0,13.0,-32.5,17.0,100799.0,14.68,0.0
1957102206_atr,1957-10-27 18:00:00,-80.0,15.0,-63.0,34.5,98763.0,21.86,0.0
1957111000_ats,1957-11-12 18:00:00,-74.5,14.5,-70.0,22.5,100503.0,13.65,0.0
1958012812_att,1958-02-01 12:00:00,-62.5,38.0,-42.5,28.5,99543.0,17.03,0.0
1958061312_brx,1958-06-22 06:00:00,-82.0,12.0,-116.5,19.5,100648.0,12.37,0.0
1958070400_ack,1958-07-06 18:00:00,-18.0,14.5,-27.5,18.5,101234.0,10.42,0.0
1958070418_bbq,1958-07-09 12:00:00,-66.5,37.0,-34.5,41.0,100694.0,15.24,0.0
1958070706_blh,1958-07-12 18:00:00,-56.0,26.0,-60.5,39.5,100410.0,21.65,0.0
1958070800_acl,1958-07-11 12:00:00,-15.0,10.5,-34.0,13.0,101190.0,12.41,0.0
1958071206_bbr,1958-07-15 18:00:00,-6.0,12.5,-21.0,17.5,100800.0,10.58,0.0
1958071312_bbs,1958-07-28 18:00:00,-46.5,31.5,-26.5,46.0,100155.0,16.41,0.0
1958072000_bli,1958-07-23 18:00:00,-72.5,32.5,-57.0,45.0,100698.0,17.02,0.0
1958072212_atu,1958-07-28 00:00:00,-58.0,37.5,-29.0,64.0,98501.0,15.74,0.0
1958081218_brz,1958-08-16 06:00:00,-66.5,25.0,-60.5,36.5,100749.0,17.76,0.0
1958082200_bsb,1958-09-05 00:00:00,-28.0,14.0,-59.5,45.5,100737.0,10.92,0.0
1958082712_atv,1958-09-03 18:00:00,-16.0,17.5,-36.0,30.5,101056.0,12.92,0.0
1958083006_blj,1958-09-04 18:00:00,-3.5,15.5,-15.5,29.0,100388.0,17.32,0.0
1958083012_bsc,1958-09-04 06:00:00,-50.0,30.0,-49.5,38.5,101349.0,11.74,0.0
1958090500_atw,1958-09-24 18:00:00,-5.0,16.0,-4.5,58.5,98348.0,21.4,0.0
1958090800_bbt,1958-09-23 18:00:00,-19.0,14.5,-10.0,44.0,100317.0,14.43,0.0
1958090800_bsd,1958-09-12 00:00:00,-15.0,11.0,-34.0,15.0,101103.0,11.41,0.0
1958091506_bbu,1958-10-02 18:00:00,-31.0,9.5,-15.5,49.5,97334.0,26.13,0.0
1958091518_acm,1958-09-18 12:00:00,-65.0,32.5,-51.0,37.0,101228.0,13.81,0.0
1958091812_bse,1958-09-22 06:00:00,-61.0,28.0,-53.0,43.5,100295.0,22.41,0.0
1958102006_bbv,1958-10-27 12:00:00,-66.0,27.0,-62.0,41.0,100053.0,14.45,0.0
1958102700_acn,1958-11-09 06:00:00,-78.0,20.0,8.5,57.5,100104.0,16.24,0.0
1958102912_blm,1958-11-02 12:00:00,-71.0,33.0,-35.0,41.5,98307.0,22.75,0.0
1958110412_bsg,1958-11-10 12:00:00,-59.5,31.5,-46.5,46.5,97507.0,21.17,0.0
1959052512_aco,1959-05-28 12:00:00,-73.0,34.0,-55.5,41.5,100578.0,15.5,0.0
1959052600_bln,1959-05-31 00:00:00,-74.0,24.5,-41.5,44.0,98926.0,22.95,0.0
1959070318_bbw,1959-07-08 00:00:00,-70.5,33.5,-53.0,46.5,101658.0,12.79,0.0
1959071612_bbx,1959-07-19 06:00:00,-68.0,30.5,-57.0,36.5,101568.0,10.16,0.0
1959082512_aty,1959-09-03 06:00:00,-21.5,15.5,-42.5,40.5,100002.0,16.11,0.0
1959082700_bsh,1959-08-31 12:00:00,-23.5,14.5,-43.5,23.5,101253.0,15.3,0.0
1959090106_bby,1959-09-07 00:00:00,-68.0,25.0,-44.0,41.5,100696.0,21.63,0.0
1959090412_atz,1959-09-07 12:00:00,-19.5,14.5,-34.0,17.5,101304.0,10.07,0.0
1959090500_bsi,1959-09-22 06:00:00,-12.5,16.0,-6.0,50.0,98676.0,22.32,0.0
1959090506_bsj,1959-09-20 12:00:00,-60.5,15.5,-58.0,40.5,100142.0,15.59,0.0
1959090518_acp,1959-09-15 06:00:00,-41.0,29.0,-30.5,47.5,97774.0,22.64,0.0
1959090612_blo,1959-09-09 00:00:00,-9.0,16.5,-17.5,23.0,100866.0,15.39,0.0
1959090712_blp,1959-09-15 06:00:00,-27.5,13.5,-53.0,27.5,100879.0,17.07,0.0
1959090906_acq,1959-09-12 06:00:00,-39.0,14.5,-47.0,24.5,100858.0,16.24,0.0
1959090906_bsk,1959-09-16 06:00:00,-15.0,13.0,-36.0,27.0,100052.0,19.44,0.0
1959091006_acr,1959-09-14 06:00:00,-3.5,13.5,-22.0,21.5,100477.0,16.45,0.0
1959091006_aua,1959-09-18 00:00:00,-50.0,25.5,-15.0,49.5,100528.0,15.36,0.0
1959091200_acs,1959-09-14 18:00:00,-93.5,21.5,-87.0,29.0,100191.0,16.63,0.0
1959091306_blq,1959-09-20 18:00:00,-62.0,22.5,-50.0,39.5,98822.0,25.46,0.0
1959091500_aub,1959-09-18 18:00:00,-24.5,13.0,-46.0,16.5,100252.0,19.33,0.0
1959091606_auc,1959-09-25 18:00:00,-52.5,24.5,-63.0,40.5,98895.0,21.21,0.0
1959091612_act,1959-09-20 00:00:00,-18.0,13.0,-38.0,18.5,100969.0,23.55,0.0
1959091800_aud,1959-09-22 06:00:00,-23.5,10.0,-38.5,17.0,100582.0,16.02,0.0
1959091906_blr,1959-09-22 00:00:00,-17.0,12.5,-30.0,16.5,101186.0,12.34,0.0
1959092206_acu,1959-09-27 12:00:00,-47.5,25.5,-47.0,43.5,98130.0,26.49,0.0
1959092206_bsl,1959-09-29 00:00:00,-76.0,24.0,-50.0,36.5,99929.0,22.65,0.0
1959092312_aue,1959-09-28 06:00:00,-43.0,20.5,-45.0,36.5,100691.0,14.35,0.0
1959092806_bls,1959-10-02 06:00:00,-13.5,14.5,-33.0,16.0,100586.0,17.37,0.0
1959100412_bsm,1959-10-10 12:00:00,-68.5,29.5,-36.0,45.5,99214.0,23.2,0.0
1959100612_bbz,1959-10-11 12:00:00,-50.0,14.0,-61.5,25.5,100598.0,17.97,0.0
1959101500_blt,1959-10-22 12:00:00,-55.5,33.5,-38.0,50.5,100252.0,15.89,0.0
1959111018_bca,1959-11-15 06:00:00,-58.5,24.0,-57.5,33.0,99283.0,20.89,0.0
1959120506_bsn,1959-12-08 00:00:00,-36.0,29.0,-45.5,32.0,100436.0,15.62,0.0
1959122206_bso,1959-12-25 00:00:00,-19.5,29.0,-13.0,38.0,99924.0,16.91,0.0
1960052206_aug,1960-05-27 06:00:00,-78.0,17.5,-64.5,31.0,96847.0,26.97,0.0
1960052312_acv,1960-06-02 00:00:00,-75.0,16.5,-24.5,55.0,99344.0,18.14,0.0
1960071412_bcb,1960-07-22 12:00:00,-42.5,13.0,-89.5,26.5,100981.0,12.52,0.0
1960071600_bcc,1960-07-20 12:00:00,-76.5,34.0,-47.5,53.0,99369.0,15.55,0.0
1960072112_acw,1960-07-24 12:00:00,-73.5,32.0,-50.0,39.5,99792.0,22.03,0.0
1960072206_auh,1960-07-27 18:00:00,-84.0,27.0,-70.0,36.5,100958.0,10.92,0.0
1960073012_blu,1960-08-17 06:00:00,-28.5,12.0,-45.0,57.0,98740.0,22.47,0.0
1960080112_acx,1960-08-08 06:00:00,-66.0,28.0,-27.5,55.0,98877.0,19.91,0.0
1960080412_bcd,1960-08-06 18:00:00,-13.0,19.5,-24.5,19.5,100948.0,11.55,0.0
1960081006_bsp,1960-08-20 00:00:00,-5.5,13.5,-46.5,35.5,101090.0,15.72,0.0
1960081306_bce,1960-08-18 06:00:00,-31.0,15.5,-49.0,16.5,100675.0,15.76,0.0
1960081612_bcf,1960-08-28 06:00:00,-21.0,15.0,-27.0,43.5,99127.0,20.23,0.0
1960082106_blv,1960-08-30 12:00:00,-71.0,29.0,-46.0,52.5,100277.0,13.66,0.0
1960082206_bcg,1960-08-31 06:00:00,-10.0,12.0,-53.0,36.5,101059.0,14.33,0.0
1960082318_bch,1960-09-11 00:00:00,-82.0,27.0,-18.0,57.5,96943.0,22.55,0.0
1960082512_aui,1960-09-02 06:00:00,-10.0,14.0,-38.0,29.5,100749.0,16.26,0.0
1960083000_auj,1960-09-08 06:00:00,-55.5,23.5,-45.0,52.5,99598.0,16.36,0.0
1960090118_bci,1960-09-06 12:00:00,-29.0,13.0,-49.5,19.0,101134.0,13.81,0.0
1960090306_auk,1960-09-16 12:00:00,-9.0,17.0,-28.5,45.0,99329.0,24.6,0.0
1960090312_bsq,1960-09-06 18:00:00,-26.5,14.5,-39.5,20.0,100793.0,16.26,0.0
1960090618_bss,1960-09-15 00:00:00,-51.5,31.5,-21.0,46.5,99343.0,18.05,0.0
1960090718_bst,1960-09-25 00:00:00,-29.0,8.5,-36.5,49.0,101910.0,14.23,0.0
1960090906_adb,1960-09-24 06:00:00,-12.5,16.0,-37.5,45.0,99711.0,15.86,0.0
1960090906_bcj,1960-09-12 06:00:00,-67.5,31.0,-73.0,38.0,100891.0,11.71,0.0
1960091312_aul,1960-09-16 12:00:00,-11.5,15.0,-33.0,19.0,101028.0,13.62,0.0
1960091518_bck,1960-09-21 18:00:00,-42.5,22.0,-56.5,43.0,99490.0,26.3,0.0
1960091818_bcl,1960-09-24 00:00:00,-67.5,34.5,-70.0,42.5,101567.0,10.36,0.0
1960092412_bcm,1960-09-27 12:00:00,-5.5,12.0,-19.5,18.5,100651.0,16.32,0.0
1960092706_bsv,1960-10-06 06:00:00,-55.0,20.5,-14.5,54.5,99155.0,16.6,0.0
1960100606_aum,1960-10-20 00:00:00,-81.0,15.0,-72.5,20.5,100785.0,16.58,0.0
1960110206_bsx,1960-11-07 00:00:00,-68.5,13.5,-82.0,22.0,100080.0,13.67,0.0
1960110818_adc,1960-11-12 18:00:00,-80.0,13.0,-75.0,26.5,100097.0,17.93,0.0
1961043000_bsy,1961-05-04 12:00:00,-73.5,35.5,-58.0,31.0,99983.0,15.55,0.0
1961060618_bco,1961-06-12 12:00:00,-51.0,32.5,-40.5,46.0,101268.0,10.69,0.0
1961071312_blx,1961-07-18 00:00:00,-75.5,34.5,-52.0,47.5,99966.0,16.65,0.0
1961080106_bta,1961-08-06 12:00:00,-69.0,31.5,-59.5,47.0,99691.0,16.26,0.0
1961080812_bly,1961-08-19 12:00:00,-17.0,13.5,-38.0,30.0,100714.0,15.06,0.0
1961081406_ade,1961-09-02 00:00:00,-17.5,16.5,-6.0,45.5,99833.0,13.88,0.0
1961081600_adf,1961-08-19 12:00:00,-8.0,12.5,-22.5,14.0,100887.0,16.38,0.0
1961081712_blz,1961-09-01 06:00:00,-2.0,16.5,-17.0,55.0,101038.0,13.37,0.0
1961081918_auo,1961-08-24 06:00:00,-18.0,18.0,-40.5,19.5,100503.0,17.92,0.0
1961082018_adg,1961-08-27 12:00:00,-66.0,26.5,-61.5,44.5,98882.0,22.35,0.0
1961082512_aup,1961-08-28 12:00:00,-47.5,23.0,-57.0,33.0,101606.0,12.85,0.0
1961090518_bma,1961-09-11 12:00:00,-68.0,26.5,-40.5,42.5,100297.0,21.25,0.0
1961091018_btb,1961-09-17 06:00:00,-19.0,13.0,-53.5,17.5,100542.0,18.11,0.0
1961091306_bmb,1961-09-22 06:00:00,-35.0,16.5,-40.0,33.0,98989.0,24.76,0.0
1961091900_adh,1961-10-02 00:00:00,-27.0,13.0,-39.0,46.5,98871.0,26.69,0.0
1961092006_bcp,1961-09-24 00:00:00,-18.5,12.5,-26.0,17.5,100258.0,18.83,0.0
1961092006_btc,1961-09-28 00:00:00,-65.5,20.5,-44.5,57.0,98273.0,19.76,0.0
1961092100_bmc,1961-09-29 06:00:00,-19.5,16.0,-25.0,34.5,99600.0,21.21,0.0
1961092112_bmd,1961-10-05 12:00:00,-4.0,11.0,-48.5,45.0,98432.0,28.21,0.0
1961100100_aur,1961-10-04 06:00:00,-21.5,13.0,-34.5,18.0,100671.0,11.44,0.0
1961101800_adj,1961-10-22 06:00:00,-73.5,16.5,-43.5,48.0,98188.0,19.89,0.0
1961101818_btd,1961-10-23 00:00:00,-63.0,24.5,-37.5,39.5,100152.0,25.56,0.0
1961103118_bte,1961-11-06 00:00:00,-63.5,40.0,-38.0,36.0,99281.0,22.4,0.0
1962051400_aus,1962-05-23 18:00:00,-81.5,25.0,-68.0,61.0,100216.0,12.3,0.0
1962051412_btf,1962-05-21 00:00:00,-54.0,25.0,-27.5,46.0,99086.0,19.94,0.0
1962062518_btg,1962-06-30 12:00:00,-77.0,29.5,-57.5,38.5,100356.0,18.5,0.0
1962070512_adl,1962-07-09 06:00:00,-86.5,19.0,-103.0,18.0,100427.0,10.49,0.0
1962071618_adm,1962-07-24 06:00:00,-51.0,29.0,-40.0,34.5,100607.0,18.9,0.0
1962072500_aut,1962-08-03 06:00:00,-85.0,26.5,-56.5,45.5,99029.0,19.4,0.0
1962080100_bcq,1962-08-04 06:00:00,-82.5,31.0,-73.0,31.5,100994.0,13.18,0.0
1962082006_bth,1962-08-23 12:00:00,-75.5,30.5,-62.0,35.5,101367.0,11.77,0.0
1962082306_adn,1962-08-30 12:00:00,-48.5,32.5,-42.5,56.0,100122.0,13.68,0.0
1962082418_bti,1962-09-02 18:00:00,-56.5,35.0,-54.5,43.0,100776.0,15.7,0.0
1962090100_auu,1962-09-12 00:00:00,-3.5,11.5,-28.5,34.5,100761.0,17.91,0.0
1962090106_btj,1962-09-13 12:00:00,-44.0,22.0,-41.5,38.0,100497.0,15.69,0.0
1962090506_bcr,1962-09-19 06:00:00,-14.0,14.0,-32.0,49.0,98290.0,29.18,0.0
1962090712_btk,1962-09-10 18:00:00,-23.5,10.5,-41.0,12.5,100379.0,18.1,0.0
1962090812_ado,1962-09-15 12:00:00,-4.0,14.5,-41.5,15.5,100623.0,15.2,0.0
1962091000_bcs,1962-09-24 06:00:00,-23.5,12.5,-30.5,63.5,97311.0,19.75,0.0
1962091218_bct,1962-09-15 18:00:00,-15.0,16.5,-22.5,22.0,100717.0,17.1,0.0
1962091312_btl,1962-09-20 00:00:00,-14.5,12.5,-45.5,19.0,100821.0,17.62,0.0
1962091512_adp,1962-09-19 12:00:00,-9.0,17.0,-16.5,24.0,100816.0,10.94,0.0
1962091618_auv,1962-09-21 00:00:00,-16.0,14.0,-29.0,19.0,100554.0,15.34,0.0
1962091618_bmf,1962-09-26 00:00:00,-15.0,15.0,-47.5,30.5,101200.0,12.07,0.0
1962091812_bcu,1962-09-23 00:00:00,-18.0,10.5,-28.0,21.0,100838.0,16.62,0.0
1962092106_btm,1962-10-01 18:00:00,-47.0,24.0,-25.0,39.0,101645.0,11.55,0.0
1962092406_adq,1962-10-02 12:00:00,-11.5,14.5,-41.0,37.0,100542.0,16.98,0.0
1962092806_adr,1962-10-09 12:00:00,-15.0,13.5,-31.5,51.0,98228.0,26.88,0.0
1962100306_ads,1962-10-13 18:00:00,-17.5,10.0,-24.0,29.0,100177.0,21.22,0.0
1962100500_auw,1962-10-07 18:00:00,-46.0,19.0,-15.0,40.0,99257.0,24.03,0.0
1962100818_btn,1962-10-15 12:00:00,-61.5,48.0,-42.0,48.5,100109.0,18.46,0.0
1962101918_bmg,1962-10-26 00:00:00,-49.0,34.5,-47.0,48.0,98395.0,26.96,0.0
1962111106_aux,1962-11-19 12:00:00,-85.0,8.5,-110.0,19.5,100526.0,12.94,0.0
1962111612_adt,1962-11-23 12:00:00,-71.0,11.5,-92.5,19.0,100997.0,13.31,0.0
1963072112_auy,1963-07-24 18:00:00,-34.0,10.5,-53.0,15.0,100892.0,16.98,0.0
1963072206_bmh,1963-08-09 12:00:00,-66.0,23.0,-37.0,45.0,101008.0,11.64,0.0
1963072400_adx,1963-08-11 12:00:00,-36.5,12.5,-77.0,69.0,99798.0,11.38,0.0
1963072606_bmi,1963-07-29 00:00:00,-8.0,17.5,-28.0,18.0,100981.0,12.31,0.0
1963073018_bmj,1963-08-02 12:00:00,-80.0,31.0,-74.5,38.0,101396.0,13.32,0.0
1963081106_auz,1963-08-15 00:00:00,-7.5,18.0,-24.5,16.5,100870.0,12.37,0.0
1963081106_bmk,1963-08-15 12:00:00,-13.0,14.5,-33.0,21.0,101258.0,13.24,0.0
1963081206_ady,1963-08-18 18:00:00,-2.5,15.0,-43.5,22.5,101191.0,14.5,0.0
1963081218_btp,1963-08-17 18:00:00,-40.0,24.0,-33.5,39.5,99896.0,17.63,0.0
1963081812_bcw,1963-08-22 12:00:00,-30.5,11.5,-47.5,14.0,101026.0,14.61,0.0
1963081906_bml,1963-08-28 06:00:00,-7.5,14.0,-48.0,23.0,100881.0,17.28,0.0
1963082000_avb,1963-08-25 06:00:00,-26.0,10.0,-48.0,23.0,101018.0,14.14,0.0
1963082112_avc,1963-08-25 06:00:00,-71.5,32.0,-56.0,35.0,100361.0,16.21,0.0
1963082206_btq,1963-09-01 06:00:00,-76.0,30.0,-40.0,53.0,99581.0,20.05,0.0
1963082606_adz,1963-09-06 18:00:00,-28.0,13.5,-27.5,42.5,99642.0,22.0,0.0
1963083000_aea,1963-09-16 00:00:00,-26.5,11.5,-28.5,31.5,101587.0,7.04,0.0
1963090318_bmm,1963-09-08 06:00:00,-15.5,16.5,-39.0,17.0,100944.0,12.53,0.0
1963090412_btr,1963-09-10 00:00:00,-51.0,23.0,-48.0,36.0,101152.0,15.39,0.0
1963090500_bmn,1963-09-12 12:00:00,-6.5,13.0,-34.0,23.5,101364.0,13.54,0.0
1963090706_avd,1963-09-11 12:00:00,-50.0,12.0,-68.0,19.5,100900.0,16.8,0.0
1963090906_bcx,1963-09-14 00:00:00,-77.5,31.5,-51.5,40.0,100640.0,16.59,0.0
1963090918_bts,1963-09-18 12:00:00,-74.5,31.0,-26.0,61.0,99114.0,18.04,0.0
1963091006_btt,1963-09-20 12:00:00,-84.5,28.5,-53.0,46.0,100268.0,16.63,0.0
1963091012_bcy,1963-09-14 12:00:00,-17.5,14.0,-41.0,16.5,101280.0,14.52,0.0
1963091018_btu,1963-09-18 12:00:00,-48.0,13.5,-67.0,35.0,98406.0,24.6,0.0
1963091100_aeb,1963-09-20 06:00:00,-25.0,9.0,-44.5,19.5,100416.0,18.87,0.0
1963091500_bmo,1963-09-19 18:00:00,-77.5,29.5,-59.5,43.0,98113.0,23.12,0.0
1963091512_btv,1963-09-19 18:00:00,-4.5,10.0,-23.0,18.5,100714.0,11.02,0.0
1963091612_aec,1963-09-24 00:00:00,-74.5,29.0,-28.0,66.0,96990.0,21.45,0.0
1963092100_aed,1963-09-25 00:00:00,-16.0,29.0,-15.5,41.0,101401.0,9.73,0.0
1963092106_btw,1963-09-23 18:00:00,-18.5,13.5,-37.5,17.0,100876.0,14.23,0.0
1963092300_aee,1963-09-26 06:00:00,-20.0,14.0,-29.5,18.5,100401.0,15.64,0.0
1963092700_bcz,1963-10-01 06:00:00,-17.5,13.0,-36.0,19.0,100233.0,18.42,0.0
1963100300_bda,1963-10-08 18:00:00,-41.0,27.5,-51.0,36.0,100422.0,17.07,0.0
1963100712_avf,1963-10-14 00:00:00,-59.0,24.0,-44.0,55.0,100255.0,17.64,0.0
1963101600_bmq,1963-10-19 12:00:00,-76.5,25.0,-67.5,28.0,100363.0,17.14,0.0
1963102418_avg,1963-11-06 06:00:00,-81.5,18.0,-12.0,59.5,99065.0,17.72,0.0
1964030806_bmr,1964-03-14 18:00:00,-67.0,37.0,-44.5,49.5,98253.0,18.4,0.0
1964060118_avh,1964-06-05 00:00:00,-72.5,36.5,-58.0,40.0,99764.0,16.36,0.0
1964061418_aef,1964-06-21 00:00:00,-84.5,17.0,-57.0,45.0,98988.0,17.91,0.0
1964061618_bms,1964-06-22 00:00:00,-86.5,28.0,-78.5,32.5,100641.0,13.79,0.0
1964071512_bdb,1964-07-19 00:00:00,-68.0,33.0,-44.5,45.5,100023.0,21.13,0.0
1964072812_bdc,1964-08-03 06:00:00,-73.5,41.0,-24.0,43.5,99615.0,20.36,0.0
1964090118_bmu,1964-09-16 18:00:00,-55.0,35.0,-13.5,60.0,97340.0,25.16,0.0
1964090206_bdd,1964-09-07 12:00:00,-65.5,36.5,-53.0,40.0,100841.0,15.1,0.0
1964090600_avk,1964-09-13 06:00:00,-24.0,11.5,-54.5,32.0,100609.0,17.09,0.0
1964090906_avl,1964-09-21 12:00:00,-96.5,23.5,-47.5,43.5,97915.0,26.74,0.0
1964091412_bty,1964-09-18 00:00:00,-62.5,31.0,-54.0,38.0,101169.0,19.34,0.0
1964091912_bmv,1964-09-28 06:00:00,-82.0,18.0,-106.0,21.5,100065.0,16.85,0.0
1964092700_avm,1964-10-03 12:00:00,-57.0,32.5,-37.5,53.5,95969.0,27.62,0.0
1964092818_aei,1964-10-16 18:00:00,-23.5,9.5,-13.5,51.5,100122.0,17.21,0.0
1964093018_bmw,1964-10-05 00:00:00,-50.0,32.0,-47.5,49.5,99866.0,14.0,0.0
1964101500_bmx,1964-10-18 12:00:00,-46.0,29.0,-53.5,36.5,100451.0,20.29,0.0
1964101506_avo,1964-10-19 12:00:00,-85.0,17.0,-72.0,30.0,99240.0,19.56,0.0
1964101800_btz,1964-10-24 18:00:00,-27.0,8.5,-35.0,21.5,100200.0,15.57,0.0
1964101806_bua,1964-10-20 18:00:00,-17.5,9.5,-28.5,13.0,100485.0,16.91,0.0
1964102406_avp,1964-10-30 06:00:00,-44.0,26.5,-30.5,43.0,99436.0,21.03,0.0
1964102518_bmy,1964-10-31 12:00:00,-78.5,12.0,-80.0,21.5,100126.0,14.5,0.0
1964102618_avq,1964-10-31 00:00:00,-77.0,14.0,-75.0,23.5,99820.0,18.84,0.0
1964111318_avr,1964-11-16 12:00:00,-74.0,15.5,-64.5,19.5,100194.0,15.01,0.0
1965050112_bmz,1965-05-04 18:00:00,-71.0,28.5,-57.0,45.5,100480.0,15.34,0.0
1965051412_avs,1965-05-25 06:00:00,-79.5,27.0,-20.0,44.5,98791.0,17.06,0.0
1965053012_bde,1965-06-04 12:00:00,-85.5,25.0,-56.0,33.0,99947.0,21.42,0.0
1965063000_bdf,1965-07-03 06:00:00,-54.0,9.0,-74.0,14.5,100638.0,12.73,0.0
1965070518_bdh,1965-07-16 06:00:00,-38.0,8.0,-27.0,50.5,99483.0,20.67,0.0
1965070618_bna,1965-07-11 12:00:00,-3.5,15.0,-31.0,17.5,100891.0,15.37,0.0
1965070918_buc,1965-07-13 18:00:00,-72.0,30.0,-55.5,40.5,99683.0,19.03,0.0
1965072512_aek,1965-07-31 06:00:00,-23.0,15.0,-50.5,30.5,101640.0,16.09,0.0
1965072800_bdi,1965-08-15 12:00:00,-35.0,12.0,-39.5,53.0,100302.0,15.72,0.0
1965072900_avt,1965-08-03 06:00:00,-19.5,13.5,-48.5,23.0,100984.0,15.51,0.0
1965073006_ael,1965-08-03 06:00:00,-29.0,12.5,-45.0,21.0,101270.0,14.28,0.0
1965073112_bdj,1965-08-15 12:00:00,-4.5,14.0,-39.5,53.0,100302.0,15.72,0.0
1965080212_avu,1965-08-06 12:00:00,-2.0,11.5,-26.0,17.5,101137.0,10.15,0.0
1965080518_avv,1965-08-14 06:00:00,-62.5,23.0,-68.5,35.5,100745.0,13.26,0.0
1965080812_bnc,1965-08-11 12:00:00,-13.5,20.5,-34.0,19.0,101268.0,11.61,0.0
1965081018_aem,1965-08-15 00:00:00,-57.5,27.0,-51.0,42.0,100936.0,14.19,0.0
1965081100_bue,1965-08-22 12:00:00,-35.0,17.0,-45.5,46.0,101035.0,18.19,0.0
1965081112_avw,1965-08-18 00:00:00,-58.0,24.5,-33.0,43.0,99423.0,19.17,0.0
1965081200_avx,1965-08-21 12:00:00,-8.0,14.5,-20.0,43.5,99902.0,19.85,0.0
1965081300_aen,1965-08-18 06:00:00,-71.0,30.5,-50.5,43.5,100693.0,13.63,0.0
1965081512_buf,1965-08-21 06:00:00,-43.0,12.5,-60.5,18.0,100902.0,12.33,0.0
1965081712_bnd,1965-08-30 12:00:00,-35.5,12.5,-97.0,20.5,100721.0,10.55,0.0
1965082206_aeo,1965-08-26 12:00:00,-7.5,16.0,-27.0,24.0,100423.0,16.36,0.0
1965082300_bug,1965-09-01 00:00:00,-22.0,14.5,-70.0,21.0,101065.0,14.44,0.0
1965082506_bdk,1965-09-02 18:00:00,-19.5,12.5,-60.5,26.5,100722.0,16.31,0.0
1965082700_aep,1965-09-01 00:00:00,-2.0,14.0,-24.5,21.5,100781.0,12.11,0.0
1965090212_bne,1965-09-15 18:00:00,-17.5,14.5,-34.0,50.5,99229.0,20.28,0.0
1965090712_aeq,1965-09-21 06:00:00,-6.0,12.0,-16.0,54.0,96592.0,28.65,0.0
1965090712_buh,1965-09-11 00:00:00,-47.5,15.5,-62.0,15.5,100819.0,15.45,0.0
1965091012_bui,1965-09-17 12:00:00,-15.5,14.5,-32.5,24.0,100166.0,17.23,0.0
1965091212_avz,1965-09-25 18:00:00,-16.5,14.0,-5.0,66.5,98674.0,21.64,0.0
1965091406_awa,1965-09-19 06:00:00,-52.5,35.5,-39.5,37.0,94949.0,37.73,0.0
1965092112_bdl,1965-09-28 06:00:00,-92.5,20.5,-61.0,49.5,97514.0,21.21,0.0
1965092412_bdm,1965-10-07 18:00:00,-31.5,13.5,-39.0,44.0,98702.0,21.99,0.0
1965092418_bnf,1965-10-09 00:00:00,-48.5,29.5,-23.0,47.5,97269.0,21.25,0.0
1965092906_bng,1965-10-02 00:00:00,-86.0,20.5,-81.0,30.5,100264.0,17.07,0.0
1965100218_bdn,1965-10-08 18:00:00,-77.5,14.5,-61.5,44.0,97923.0,24.79,0.0
1965100518_bnh,1965-10-09 06:00:00,-50.0,24.5,-15.0,40.5,99224.0,26.64,0.0
1965101606_aes,1965-10-19 12:00:00,-24.0,30.5,-6.5,35.5,98923.0,19.08,0.0
1965102506_bni,1965-11-01 06:00:00,-65.0,16.0,-39.5,35.0,99766.0,24.06,0.0
1965110300_bdp,1965-11-07 06:00:00,-81.0,10.0,-68.0,30.0,99315.0,21.37,0.0
1966022306_bnj,1966-02-26 12:00:00,-60.5,36.5,-48.0,36.0,98618.0,19.36,0.0
1966041806_bdq,1966-04-21 18:00:00,-74.0,35.0,-62.0,36.0,99473.0,17.9,0.0
1966050300_buj,1966-05-05 06:00:00,-68.0,39.0,-58.0,33.0,99314.0,18.79,0.0
1966061918_buk,1966-06-29 18:00:00,-94.5,20.5,-46.0,50.0,99181.0,23.91,0.0
1966062318_awc,1966-06-29 00:00:00,-62.5,26.0,-42.5,43.0,100958.0,17.54,0.0
1966070712_bdr,1966-07-10 06:00:00,-21.0,15.5,-35.5,16.5,100996.0,13.15,0.0
1966073106_aet,1966-08-03 12:00:00,-57.5,14.5,-76.0,21.5,100989.0,16.73,0.0
1966080506_aeu,1966-08-14 12:00:00,-83.0,23.5,-50.5,48.5,98568.0,22.53,0.0
1966081306_bul,1966-08-16 06:00:00,-8.0,17.5,-28.5,22.5,100606.0,14.73,0.0
1966081406_bum,1966-08-19 06:00:00,-26.5,15.5,-50.0,22.5,100749.0,16.98,0.0
1966082018_bun,1966-08-29 06:00:00,-88.5,27.5,-73.5,39.0,100026.0,17.05,0.0
1966082106_buo,1966-08-26 12:00:00,-57.5,28.0,-17.5,54.5,100788.0,15.68,0.0
1966082212_bds,1966-08-28 06:00:00,-63.0,28.0,-45.5,47.0,99553.0,17.86,0.0
1966082900_bup,1966-09-04 06:00:00,-18.0,13.5,-36.0,27.0,101425.0,11.02,0.0
1966082912_bdt,1966-09-01 18:00:00,-6.0,17.0,-23.0,21.0,100841.0,14.29,0.0
1966090518_bnk,1966-09-17 00:00:00,-32.5,21.5,-21.0,51.5,98704.0,24.48,0.0
1966090606_awd,1966-09-11 00:00:00,-12.0,15.0,-36.0,20.0,100644.0,16.6,0.0
1966091006_awe,1966-09-21 18:00:00,-83.5,18.5,-70.5,43.0,97598.0,19.16,0.0
1966091306_awf,1966-09-19 06:00:00,-43.5,26.5,-45.5,41.5,100969.0,14.24,0.0
1966091506_bnl,1966-09-18 00:00:00,-35.0,13.5,-45.5,15.5,100928.0,19.41,0.0
1966092118_bdu,1966-09-24 12:00:00,-34.0,11.0,-45.5,16.0,101078.0,16.88,0.0
1966092300_bnm,1966-09-29 00:00:00,-59.5,25.5,-36.0,43.0,97689.0,30.52,0.0
1966100306_awg,1966-10-12 00:00:00,-66.0,25.5,-41.5,53.0,99889.0,18.73,0.0
1966100512_bdv,1966-10-14 12:00:00,-69.0,14.0,-38.5,45.0,98528.0,24.63,0.0
1966101106_bus,1966-10-19 00:00:00,-84.0,18.0,-54.5,47.0,98012.0,26.13,0.0
1966101618_awi,1966-10-22 00:00:00,-64.0,25.0,-57.0,32.0,101126.0,10.65,0.0
1966101618_bdw,1966-10-19 12:00:00,-74.5,25.0,-61.0,32.5,99636.0,17.69,0.0
1966102218_bnn,1966-10-29 06:00:00,-79.0,16.0,-63.0,31.5,98546.0,29.66,0.0
1966111318_buu,1966-11-29 06:00:00,-30.5,35.5,-13.5,53.5,99658.0,19.21,0.0
1967071112_buv,1967-07-26 00:00:00,-58.0,29.0,-33.5,57.5,100239.0,12.58,0.0
1967072806_bux,1967-07-31 18:00:00,-66.5,26.5,-57.5,46.5,101528.0,15.27,0.0
1967081912_aew,1967-08-28 00:00:00,-55.5,35.5,-40.5,36.0,101054.0,11.39,0.0
1967082212_buy,1967-08-27 18:00:00,-84.0,28.5,-72.5,40.0,100669.0,16.46,0.0
1967082406_aex,1967-09-08 00:00:00,-3.5,15.5,-64.5,36.5,100553.0,16.56,0.0
1967082412_awl,1967-09-02 18:00:00,-30.0,27.5,-13.5,40.5,100472.0,17.19,0.0
1967083006_aey,1967-09-04 06:00:00,-18.0,14.0,-40.0,20.5,100554.0,11.42,0.0
1967083118_awn,1967-09-05 00:00:00,-3.5,13.5,-23.5,19.0,101126.0,10.56,0.0
1967090212_buz,1967-09-07 06:00:00,-5.0,13.5,-20.5,23.0,100970.0,13.2,0.0
1967090306_bva,1967-09-09 18:00:00,-72.5,28.0,-60.5,33.5,100888.0,16.42,0.0
1967090512_aez,1967-09-08 18:00:00,-39.5,25.0,-24.0,36.5,100912.0,14.67,0.0
1967090612_awo,1967-09-12 12:00:00,-14.0,15.0,-26.0,20.0,101100.0,12.15,0.0
1967090800_bnp,1967-09-16 00:00:00,-8.5,12.5,-34.5,21.5,100641.0,15.29,0.0
1967091100_bvc,1967-09-17 00:00:00,-13.5,15.0,-34.5,18.0,100443.0,17.98,0.0
1967091306_awp,1967-09-30 06:00:00,-14.5,12.5,-15.5,67.5,96240.0,22.63,0.0
1967091400_afa,1967-09-19 00:00:00,-70.0,26.5,-42.5,52.5,96695.0,27.12,0.0
1967091612_afb,1967-09-22 12:00:00,-25.0,12.5,-53.5,16.5,101134.0,12.19,0.0
1967091618_awq,1967-09-26 06:00:00,-15.5,9.0,-58.5,20.5,100724.0,18.2,0.0
1967091806_bvd,1967-09-29 06:00:00,-39.0,22.5,-32.0,56.0,98670.0,20.13,0.0
1967091912_bnq,1967-09-26 06:00:00,-37.0,34.0,-19.5,35.0,101125.0,17.17,0.0
1967092006_bdx,1967-09-27 12:00:00,-50.0,21.5,-15.0,50.0,98086.0,22.79,0.0
1967092012_awr,1967-09-26 12:00:00,-17.5,9.0,-40.5,13.5,100683.0,19.07,0.0
1967092806_bnr,1967-10-03 06:00:00,-34.5,21.5,-21.5,38.5,100195.0,15.82,0.0
1967092906_aws,1967-10-05 00:00:00,-69.0,26.0,-42.0,59.0,97711.0,21.84,0.0
1967092918_afc,1967-10-11 12:00:00,-79.5,17.0,-95.0,20.5,100426.0,11.17,0.0
1967100118_bns,1967-10-05 00:00:00,-70.5,27.5,-74.0,38.0,100268.0,16.56,0.0
1967100406_afd,1967-10-11 00:00:00,-27.5,31.0,-35.0,39.5,98238.0,21.84,0.0
1967101718_bnt,1967-10-23 06:00:00,-46.0,35.0,-6.0,44.0,97941.0,15.78,0.0
1967102606_awt,1967-10-29 18:00:00,-28.5,30.0,-3.0,47.0,99897.0,22.03,0.0
1967112512_afe,1967-11-29 18:00:00,-34.0,32.5,-9.5,43.0,100396.0,16.16,0.0
1968051412_bnu,1968-05-21 00:00:00,-68.5,15.5,-42.5,30.5,99180.0,24.41,0.0
1968052212_awu,1968-05-25 06:00:00,-15.0,5.0,-22.5,10.5,100918.0,12.89,0.0
1968061618_aff,1968-06-25 06:00:00,-92.0,22.0,-75.0,34.0,100496.0,16.56,0.0
1968061800_awv,1968-06-24 06:00:00,-93.0,22.0,-66.5,44.0,100018.0,16.83,0.0
1968082412_bnw,1968-08-30 00:00:00,-91.0,33.5,-70.5,40.0,100805.0,12.71,0.0
1968082512_afg,1968-09-10 00:00:00,-58.0,21.5,-13.0,66.0,97112.0,24.7,0.0
1968090718_bvf,1968-09-10 18:00:00,-76.0,19.5,-72.0,29.0,100334.0,13.43,0.0
1968090900_bvg,1968-09-14 00:00:00,-23.0,14.0,-43.0,18.5,100553.0,19.98,0.0
1968091000_afh,1968-09-19 00:00:00,-58.5,19.0,-63.0,39.0,99022.0,22.57,0.0
1968091300_bdz,1968-09-17 12:00:00,-17.5,13.5,-40.5,23.0,100671.0,17.39,0.0
1968091606_bea,1968-09-23 18:00:00,-81.0,20.0,-75.5,35.0,100339.0,16.4,0.0
1968091906_bvh,1968-09-23 06:00:00,-54.5,36.5,-27.5,38.5,101246.0,11.62,0.0
1968092806_bnx,1968-10-03 12:00:00,-93.0,18.0,-101.5,17.5,100324.0,15.35,0.0
1968100106_bvi,1968-10-05 06:00:00,-62.5,29.0,-76.5,27.5,99967.0,21.1,0.0
1968100200_bvj,1968-10-13 00:00:00,-82.0,18.5,-89.5,22.5,100190.0,13.37,0.0
1968100612_beb,1968-10-11 18:00:00,-83.5,16.5,-60.0,27.5,100559.0,12.67,0.0
1968101512_bny,1968-10-20 18:00:00,-26.5,29.5,-29.0,40.0,100082.0,15.72,0.0
1968101812_bec,1968-10-23 06:00:00,-77.0,13.0,-93.0,19.5,100390.0,15.59,0.0
1969040712_bed,1969-04-11 06:00:00,-91.0,26.5,-73.5,36.5,98866.0,24.42,0.0
1969060418_awx,1969-06-08 12:00:00,-17.5,9.5,-29.0,11.5,100915.0,13.07,0.0
1969060806_bee,1969-06-11 06:00:00,-12.5,9.5,-36.0,15.0,101017.0,13.2,0.0
1969061806_bnz,1969-06-21 12:00:00,-80.5,32.0,-54.5,40.0,99908.0,17.42,0.0
1969062712_awz,1969-07-01 12:00:00,-4.0,15.5,-27.5,19.5,101198.0,12.03,0.0
1969070900_bvl,1969-07-24 18:00:00,-47.5,20.0,-48.0,58.5,98967.0,21.36,0.0
1969071318_bef,1969-07-20 18:00:00,-48.5,24.0,-37.0,43.0,100222.0,18.29,0.0
1969071900_afj,1969-07-25 18:00:00,-70.0,24.5,-56.0,41.0,99330.0,26.84,0.0
1969072512_beg,1969-07-28 18:00:00,-13.5,15.5,-21.5,25.0,101161.0,11.72,0.0
1969080200_afk,1969-08-07 12:00:00,-15.5,17.5,-50.0,17.0,100917.0,14.97,0.0
1969080312_bob,1969-08-07 00:00:00,-59.0,33.0,-55.0,41.0,101317.0,17.3,0.0
1969080612_axa,1969-08-20 00:00:00,-35.5,12.0,-56.5,45.0,99805.0,18.38,0.0
1969080618_afl,1969-08-13 06:00:00,-5.0,18.5,-41.0,18.0,100704.0,10.12,0.0
1969080806_boc,1969-08-14 12:00:00,-27.5,11.5,-49.0,25.0,100623.0,16.16,0.0
1969081106_afm,1969-08-14 12:00:00,-14.0,17.0,-31.0,20.0,101192.0,10.71,0.0
1969081312_axb,1969-08-17 00:00:00,-31.0,14.0,-45.5,19.0,101180.0,12.84,0.0
1969081406_beh,1969-08-24 18:00:00,-48.0,20.0,-63.0,60.0,99830.0,17.51,0.0
1969081600_bvn,1969-08-19 00:00:00,-59.5,15.5,-70.0,20.5,100746.0,12.43,0.0
1969081606_afn,1969-08-30 06:00:00,-65.5,24.5,-50.5,38.5,100575.0,13.15,0.0
1969081606_bei,1969-08-28 18:00:00,-3.5,11.5,-12.5,45.5,100464.0,16.82,0.0
1969082012_bej,1969-08-23 06:00:00,-5.5,12.0,-25.5,15.0,101011.0,10.12,0.0
1969082506_axc,1969-09-02 18:00:00,-7.0,13.5,-44.0,32.5,100730.0,20.15,0.0
1969082512_bod,1969-08-28 12:00:00,-4.5,14.0,-22.5,20.5,101320.0,11.65,0.0
1969082600_bek,1969-08-29 06:00:00,-7.0,18.5,-19.0,24.5,101020.0,10.49,0.0
1969083012_bel,1969-09-04 18:00:00,-36.5,34.0,-16.5,36.0,100402.0,13.9,0.0
1969090500_bem,1969-09-15 00:00:00,-17.0,14.5,-63.5,27.0,101194.0,12.81,0.0
1969090606_axd,1969-09-09 18:00:00,-8.5,13.0,-23.0,13.0,100443.0,13.61,0.0
1969090700_ben,1969-09-12 00:00:00,-53.5,22.0,-44.5,46.5,99693.0,23.21,0.0
1969090706_beo,1969-09-19 00:00:00,-81.0,12.0,-43.5,50.5,97347.0,24.21,0.0
1969091206_bep,1969-09-16 00:00:00,-8.5,14.0,-28.0,16.5,100880.0,13.0,0.0
1969091212_bvo,1969-09-18 00:00:00,-15.0,11.5,-48.5,15.5,101041.0,15.87,0.0
1969091300_afo,1969-09-26 00:00:00,-64.5,20.5,-3.0,64.5,98068.0,19.77,0.0
1969091906_ber,1969-09-26 06:00:00,-44.5,20.5,-58.0,40.5,100872.0,15.42,0.0
1969092312_bvp,1969-09-26 06:00:00,-70.0,20.5,-78.0,28.5,100423.0,14.68,0.0
1969092406_bet,1969-09-27 18:00:00,-80.0,20.0,-72.5,40.0,99899.0,20.62,0.0
1969092906_afp,1969-10-05 00:00:00,-78.0,26.0,-53.5,52.5,99024.0,22.54,0.0
1969101000_axe,1969-10-23 06:00:00,-61.5,23.5,-64.5,47.5,98392.0,14.9,0.0
1969101112_bev,1969-10-17 06:00:00,-67.5,30.5,-54.0,50.5,98500.0,19.24,0.0
1969101612_bvr,1969-10-25 00:00:00,-26.0,33.0,-20.5,60.5,98929.0,22.16,0.0
1969102800_bew,1969-11-03 06:00:00,-76.5,13.5,-40.0,54.0,98229.0,20.71,0.0
1969110512_axf,1969-11-15 18:00:00,-71.0,24.0,-44.5,58.0,97966.0,20.6,0.0
1970011912_afq,1970-01-22 12:00:00,-28.0,37.0,-6.5,37.0,98691.0,20.69,0.0
1970050706_bof,1970-05-11 00:00:00,-10.0,5.5,-19.5,8.0,101048.0,11.09,0.0
1970061706_bex,1970-06-23 00:00:00,-81.5,44.5,-52.5,47.5,100263.0,15.35,0.0
1970062412_bey,1970-07-04 06:00:00,-80.5,31.0,-70.0,47.5,98808.0,16.53,0.0
1970070406_bez,1970-07-20 00:00:00,-31.5,9.5,-60.0,55.5,97906.0,16.34,0.0
1970081918_bog,1970-08-23 12:00:00,-60.5,23.0,-53.5,32.5,99367.0,26.92,0.0
1970082212_afr,1970-09-02 18:00:00,-70.0,36.0,-54.0,40.5,100735.0,14.49,0.0
1970083100_bvs,1970-09-05 00:00:00,-74.5,24.5,-56.0,45.0,99044.0,23.43,0.0
1970083118_axi,1970-09-06 18:00:00,-53.0,28.0,-45.0,44.0,100243.0,19.91,0.0
1970083118_bvt,1970-09-13 00:00:00,-23.5,13.5,-58.5,47.0,99921.0,15.14,0.0
1970090218_boh,1970-09-13 06:00:00,-54.0,12.5,-106.0,22.5,100215.0,10.77,0.0
1970090306_bfb,1970-09-12 12:00:00,-69.0,20.0,-43.5,42.5,100385.0,14.84,0.0
1970090518_bfc,1970-09-11 12:00:00,-29.0,12.5,-61.5,18.0,101081.0,16.54,0.0
1970090706_axj,1970-09-19 18:00:00,-9.5,13.5,-40.5,53.5,97781.0,21.81,0.0
1970091306_bfe,1970-09-20 18:00:00,-73.0,19.0,-97.5,22.0,99902.0,17.47,0.0
1970091400_bvu,1970-09-20 06:00:00,-18.5,15.5,-29.0,18.5,100438.0,16.89,0.0
1970091412_boi,1970-09-22 18:00:00,-16.0,13.0,-64.5,17.5,100521.0,18.02,0.0
1970091418_bok,1970-09-21 12:00:00,-4.0,13.0,-38.0,15.5,100758.0,18.34,0.0
1970091718_axl,1970-09-21 06:00:00,-18.5,14.0,-42.5,20.5,100687.0,18.51,0.0
1970091912_afs,1970-10-07 18:00:00,-16.5,14.5,-24.5,45.0,101054.0,11.61,0.0
1970092718_bvw,1970-10-01 12:00:00,-14.5,10.0,-43.0,16.0,101050.0,14.62,0.0
1970092818_axm,1970-10-03 18:00:00,-54.0,32.5,-57.0,40.5,100572.0,19.5,0.0
1970092912_afu,1970-10-06 06:00:00,-74.5,29.0,-46.5,41.5,100207.0,19.86,0.0
1970102212_bol,1970-10-25 12:00:00,-76.0,15.0,-69.5,22.0,100003.0,16.85,0.0
1970102218_axn,1970-10-28 00:00:00,-53.5,22.0,-38.5,42.5,99400.0,20.23,0.0
1970102406_axo,1970-10-30 18:00:00,-73.5,15.0,-52.0,29.5,100058.0,18.42,0.0
1970121400_axp,1970-12-17 18:00:00,-44.5,39.5,-8.5,37.0,98514.0,23.83,0.0
1970121606_afv,1970-12-20 18:00:00,-49.0,31.5,-38.5,51.0,100646.0,18.19,0.0
1971062600_afw,1971-06-29 06:00:00,-71.0,32.0,-56.5,36.0,100958.0,14.77,0.0
1971070612_bon,1971-07-14 12:00:00,-74.5,34.0,-50.5,38.5,100179.0,17.67,0.0
1971072506_axq,1971-07-28 06:00:00,-84.0,34.0,-70.0,34.5,99998.0,18.83,0.0
1971072512_afx,1971-07-28 18:00:00,-64.0,20.5,-74.5,28.5,101547.0,13.9,0.0
1971072712_bfh,1971-08-01 12:00:00,-84.5,36.0,-64.0,39.0,100705.0,13.52,0.0
1971073118_axs,1971-08-05 12:00:00,-9.0,14.5,-36.5,20.5,100770.0,18.29,0.0
1971080112_afy,1971-08-04 12:00:00,-87.0,19.5,-96.5,22.0,100688.0,10.83,0.0
1971081206_bvx,1971-08-17 18:00:00,-63.0,37.0,-30.5,48.5,99909.0,14.71,0.0
1971081212_axt,1971-08-29 12:00:00,-8.5,13.0,-45.0,37.5,100454.0,18.74,0.0
1971081400_afz,1971-08-18 12:00:00,-79.5,30.5,-66.0,36.0,100982.0,13.98,0.0
1971081906_boo,1971-09-09 00:00:00,-33.0,11.0,-28.0,58.0,98038.0,22.35,0.0
1971082306_bvy,1971-09-07 12:00:00,-23.0,13.5,-33.5,59.0,98830.0,16.81,0.0
1971082512_bvz,1971-09-05 00:00:00,-5.5,14.0,-31.5,35.5,101533.0,13.93,0.0
1971083018_axu,1971-09-11 12:00:00,-72.0,30.0,-8.0,44.0,97734.0,21.0,0.0
1971090112_bfi,1971-09-05 18:00:00,-53.5,27.5,-35.0,42.5,100200.0,19.07,0.0
1971090218_aga,1971-09-14 00:00:00,-65.0,29.0,-7.5,63.5,98308.0,18.42,0.0
1971091606_bop,1971-09-25 06:00:00,-14.0,11.5,-44.0,18.5,100627.0,15.88,0.0
1971092112_agc,1971-09-28 00:00:00,-80.0,28.0,-56.0,33.0,99896.0,24.18,0.0
1971101312_axv,1971-10-28 06:00:00,-67.5,21.0,-31.0,67.5,96470.0,26.03,0.0
1971102006_bfj,1971-10-25 18:00:00,-78.0,13.5,-65.0,27.5,99695.0,21.1,0.0
1971102912_bwa,1971-11-06 06:00:00,-82.0,11.0,-103.0,12.5,100854.0,9.92,0.0
1972061206_bwb,1972-06-21 12:00:00,-81.5,13.0,-28.5,49.5,100103.0,16.72,0.0
1972062012_boq,1972-06-25 00:00:00,-61.5,39.5,-22.5,48.5,99192.0,20.65,0.0
1972070606_bfk,1972-07-13 18:00:00,-89.0,39.5,-49.0,45.0,99791.0,17.42,0.0
1972080618_bfl,1972-08-10 06:00:00,-8.0,15.0,-25.5,21.0,101038.0,10.22,0.0
1972081418_agd,1972-08-20 06:00:00,-80.5,29.5,-48.0,50.0,99265.0,16.04,0.0
1972082306_age,1972-08-27 12:00:00,-13.0,14.0,-27.0,21.5,100853.0,14.11,0.0
1972082612_bor,1972-09-06 12:00:00,-54.5,19.5,-54.5,63.5,99227.0,20.09,0.0
1972083000_agf,1972-09-02 06:00:00,-13.0,16.0,-29.5,19.5,100668.0,14.21,0.0
1972083000_bos,1972-09-01 12:00:00,-17.5,15.0,-31.0,17.5,100705.0,16.56,0.0
1972090306_bot,1972-09-09 18:00:00,-41.0,22.5,-44.5,40.5,100496.0,18.78,0.0
1972090412_bou,1972-09-10 12:00:00,-77.0,31.5,-94.5,28.0,100708.0,11.79,0.0
1972091106_bfm,1972-10-01 06:00:00,-3.0,11.0,-68.5,75.0,101422.0,12.75,0.0
1972091312_bfn,1972-09-18 12:00:00,-75.5,27.0,-59.5,48.5,99090.0,15.81,0.0
1972091318_bwd,1972-09-16 12:00:00,-14.0,17.0,-13.5,30.0,100760.0,13.87,0.0
1972091600_axw,1972-09-22 00:00:00,-56.5,21.5,-45.0,32.0,100163.0,17.55,0.0
1972091918_axx,1972-09-23 00:00:00,-13.5,15.0,-23.0,18.5,100576.0,15.9,0.0
1972101312_bwe,1972-10-18 18:00:00,-84.0,17.5,-68.5,32.5,99609.0,16.73,0.0
1972102600_bwf,1972-11-02 00:00:00,-71.0,23.0,-53.5,44.0,98956.0,22.33,0.0
1973051712_agg,1973-05-20 18:00:00,-74.0,29.0,-64.5,32.5,99581.0,18.06,0.0
1973062718_agh,1973-07-03 00:00:00,-21.0,11.5,-56.5,15.5,100972.0,18.49,0.0
1973071218_agi,1973-07-20 00:00:00,-97.0,43.0,-47.0,54.5,98968.0,18.71,0.0
1973071412_bov,1973-07-17 18:00:00,-82.0,20.0,-95.5,22.5,100758.0,15.51,0.0
1973071818_bfo,1973-07-30 06:00:00,-75.5,19.5,-15.5,62.5,97938.0,19.78,0.0
1973081212_axy,1973-08-23 06:00:00,-7.5,17.0,-61.5,21.0,100797.0,14.79,0.0
1973081518_bfp,1973-08-31 06:00:00,-41.5,12.5,-59.5,46.5,99730.0,17.34,0.0
1973081606_agj,1973-08-20 12:00:00,-33.5,11.0,-51.0,13.5,101067.0,15.64,0.0
1973081806_bwg,1973-08-29 00:00:00,-15.0,10.0,-28.5,42.5,98926.0,25.67,0.0
1973082518_agk,1973-09-01 12:00:00,-79.0,26.5,-34.5,49.5,100784.0,13.72,0.0
1973082518_bow,1973-08-30 06:00:00,-31.5,10.0,-40.5,20.0,100560.0,18.35,0.0
1973082712_bfq,1973-08-31 12:00:00,-10.5,14.0,-34.5,17.0,100858.0,15.16,0.0
1973082800_bwh,1973-09-13 18:00:00,-8.0,12.5,-19.0,47.5,100127.0,15.59,0.0
1973082906_axz,1973-09-06 12:00:00,-6.0,13.5,-24.5,38.0,100112.0,19.13,0.0
1973090118_agl,1973-09-04 18:00:00,-78.0,31.0,-56.5,38.5,100848.0,16.89,0.0
1973090318_bfr,1973-09-09 18:00:00,-47.5,26.5,-70.0,32.0,100153.0,15.8,0.0
1973090600_agm,1973-09-12 12:00:00,-17.0,14.0,-41.5,20.5,100390.0,18.63,0.0
1973090612_aya,1973-09-23 06:00:00,-17.5,14.0,-42.5,41.0,100325.0,14.59,0.0
1973090618_boy,1973-09-11 18:00:00,-70.0,29.5,-66.5,40.5,99850.0,19.72,0.0
1973090700_bfs,1973-09-24 06:00:00,-79.0,17.0,-7.5,65.0,97512.0,19.98,0.0
1973090818_agn,1973-09-13 00:00:00,-92.0,26.0,-73.5,40.5,99959.0,16.33,0.0
1973091200_ago,1973-09-19 00:00:00,-16.5,14.0,-36.5,22.5,101153.0,16.24,0.0
1973091200_ayb,1973-09-18 18:00:00,-81.0,11.5,-92.5,14.5,100495.0,11.92,0.0
1973091212_bwi,1973-09-29 18:00:00,-14.5,13.5,-14.0,44.0,100762.0,10.89,0.0
1973091306_bft,1973-09-19 18:00:00,-5.5,10.0,-25.5,22.5,100641.0,14.16,0.0
1973091312_bfu,1973-09-20 12:00:00,-74.0,13.5,-97.0,21.5,100372.0,13.55,0.0
1973091700_agp,1973-09-25 18:00:00,-57.5,26.0,-51.5,40.5,99790.0,19.5,0.0
1973091800_agq,1973-09-21 06:00:00,-19.5,14.0,-33.5,14.0,100683.0,12.46,0.0
1973091812_bpa,1973-09-24 12:00:00,-76.5,28.0,-58.5,40.5,100603.0,16.76,0.0
1973092006_agr,1973-09-27 00:00:00,-73.5,24.5,-58.5,33.5,100188.0,18.84,0.0
1973092006_bwj,1973-10-07 18:00:00,-10.5,8.5,-35.5,57.0,94279.0,29.18,0.0
1973092112_ags,1973-09-26 06:00:00,-4.0,13.0,-27.0,20.0,100210.0,16.61,0.0
1973092206_bwk,1973-10-01 00:00:00,-82.5,16.0,-63.0,44.5,100418.0,17.75,0.0
1973092912_bwl,1973-10-07 00:00:00,-77.0,11.0,-97.0,22.0,100199.0,19.59,0.0
1973100400_bpb,1973-10-07 00:00:00,-57.0,33.0,-63.0,41.0,100558.0,13.59,0.0
1973101206_ayc,1973-10-19 12:00:00,-78.5,14.5,-46.0,45.5,98740.0,22.18,0.0
1973101418_bfv,1973-10-24 12:00:00,-86.5,16.0,-73.5,30.0,99899.0,19.54,0.0
1973102112_bfw,1973-10-28 18:00:00,-50.5,10.0,-84.0,16.5,100724.0,12.94,0.0
1973102612_ayd,1973-10-30 06:00:00,-77.5,10.5,-67.5,17.0,100371.0,15.4,0.0
1974063000_bfx,1974-07-06 00:00:00,-15.0,9.0,-49.0,17.0,101396.0,16.18,0.0
1974070706_bpd,1974-07-12 00:00:00,-65.0,27.5,-54.0,42.0,101006.0,13.56,0.0
1974072406_ayf,1974-07-29 00:00:00,-21.5,10.5,-47.0,19.5,101091.0,19.11,0.0
1974072806_agt,1974-08-03 06:00:00,-68.5,28.5,-56.5,46.0,99903.0,20.0,0.0
1974080618_agu,1974-08-19 18:00:00,-52.5,15.5,-38.5,42.5,101022.0,12.33,0.0
1974080906_bfy,1974-08-23 18:00:00,-30.5,10.0,-41.0,37.5,101141.0,12.13,0.0
1974081606_bfz,1974-08-19 12:00:00,-17.5,19.5,-34.5,24.5,101221.0,12.31,0.0
1974081618_agv,1974-08-21 18:00:00,-83.0,29.5,-55.0,39.5,100900.0,15.52,0.0
1974082618_ayg,1974-09-02 18:00:00,-59.0,32.0,-28.0,54.5,99270.0,17.96,0.0
1974082806_bwp,1974-09-08 00:00:00,-60.0,25.5,-25.0,49.0,99986.0,20.06,0.0
1974082812_agw,1974-09-03 12:00:00,-52.0,30.0,-44.0,41.0,100885.0,14.55,0.0
1974082900_bwq,1974-09-06 06:00:00,-44.0,22.0,-54.5,40.0,96865.0,31.3,0.0
1974090306_bwr,1974-09-15 00:00:00,-36.0,24.5,-32.0,38.0,100270.0,13.79,0.0
1974090312_ayh,1974-09-09 00:00:00,-64.5,23.5,-54.5,42.5,99614.0,20.79,0.0
1974091006_ayi,1974-09-13 00:00:00,-7.0,13.0,-24.0,18.0,100585.0,16.94,0.0
1974091600_ayj,1974-09-22 06:00:00,-15.5,16.0,-40.5,20.5,100892.0,14.06,0.0
1974092100_ayk,1974-09-27 12:00:00,-63.5,30.0,-55.0,47.0,100027.0,18.26,0.0
1974100312_bph,1974-10-10 06:00:00,-48.5,35.0,-22.5,45.0,99302.0,19.9,0.0
1974101806_agy,1974-10-24 12:00:00,-69.0,13.5,-60.0,30.0,99202.0,27.0,0.0
1974102400_agz,1974-10-26 18:00:00,-34.5,22.0,-18.5,33.5,100520.0,13.69,0.0
1974102900_bpi,1974-11-07 00:00:00,-47.0,24.0,-28.5,43.5,99742.0,23.45,0.0
1974102918_bpj,1974-11-04 00:00:00,-28.5,41.5,-33.0,28.0,100332.0,18.24,0.0
1974111200_bga,1974-11-18 06:00:00,-20.0,30.5,-40.5,29.0,100551.0,13.78,0.0
1974111400_bgb,1974-11-21 00:00:00,-61.5,31.0,-49.0,49.5,99259.0,23.44,0.0
1975032918_aha,1975-04-05 12:00:00,-79.0,29.5,-48.0,39.0,100787.0,16.9,0.0
1975052606_bpk,1975-05-29 00:00:00,-84.0,18.0,-75.5,23.0,99998.0,16.49,0.0
1975061500_ayl,1975-06-18 06:00:00,-58.0,35.0,-46.0,33.5,101225.0,9.35,0.0
1975070306_ahb,1975-07-06 12:00:00,-77.5,30.5,-60.0,47.0,99167.0,20.4,0.0
1975071112_aym,1975-07-19 06:00:00,-84.0,29.5,-55.5,58.5,99703.0,16.86,0.0
1975071306_ayn,1975-07-20 00:00:00,-89.5,29.5,-29.5,63.5,100611.0,16.57,0.0
1975071418_bws,1975-07-18 06:00:00,-80.5,33.0,-48.0,43.0,98335.0,23.51,0.0
1975081500_ahd,1975-08-19 12:00:00,-50.5,27.0,-37.0,50.5,99592.0,20.76,0.0
1975081806_ayp,1975-08-23 12:00:00,-78.0,37.5,-41.5,53.0,100117.0,17.18,0.0
1975082006_ayq,1975-08-24 00:00:00,-24.0,12.5,-33.0,19.0,101094.0,13.11,0.0
1975082018_bwt,1975-08-31 12:00:00,-12.5,16.5,-32.0,42.0,98750.0,20.28,0.0
1975082118_ayr,1975-08-25 12:00:00,-42.5,12.0,-55.5,15.5,101105.0,15.99,0.0
1975082200_ahe,1975-09-08 18:00:00,-23.0,13.0,-49.5,59.5,96465.0,27.76,0.0
1975082218_bgc,1975-08-25 18:00:00,-11.5,19.0,-27.5,19.5,100963.0,12.64,0.0
1975082418_bwu,1975-09-03 12:00:00,-16.0,16.5,-47.5,46.5,99045.0,27.7,0.0
1975082700_ahf,1975-09-03 00:00:00,-29.0,16.5,-37.0,42.0,101248.0,14.64,0.0
1975082706_ays,1975-09-03 18:00:00,-73.5,32.0,-41.5,53.5,100368.0,12.98,0.0
1975082900_ayt,1975-09-03 00:00:00,-15.5,13.5,-45.0,15.5,101021.0,13.11,0.0
1975083100_bge,1975-09-03 12:00:00,-16.0,17.5,-27.5,19.5,100776.0,13.72,0.0
1975090106_bwv,1975-09-07 00:00:00,-9.0,14.0,-26.0,20.0,100876.0,13.57,0.0
1975090612_bgf,1975-09-19 18:00:00,-67.5,21.0,3.5,60.5,98150.0,17.63,0.0
1975090700_bgg,1975-09-10 06:00:00,-19.0,12.0,-31.5,24.5,99674.0,20.56,0.0
1975090818_bww,1975-09-22 18:00:00,-21.0,15.5,-19.0,44.5,99370.0,17.01,0.0
1975091000_bgh,1975-09-23 12:00:00,-7.5,11.0,-33.5,47.0,99512.0,18.32,0.0
1975091112_ayv,1975-09-15 12:00:00,-18.5,17.0,-30.5,27.0,101528.0,12.96,0.0
1975091406_bpl,1975-09-24 12:00:00,-1.5,12.5,-56.5,31.0,100785.0,18.68,0.0
1975091518_ahg,1975-09-18 00:00:00,-15.5,16.0,-29.0,20.0,100773.0,19.63,0.0
1975092012_ayw,1975-09-23 18:00:00,-15.5,11.5,-27.0,17.0,100526.0,17.65,0.0
1975092600_bpm,1975-10-16 18:00:00,-20.5,12.0,-10.5,44.0,97604.0,34.07,0.0
1975093018_ahi,1975-10-04 12:00:00,-14.0,13.5,-37.0,13.5,100945.0,16.09,0.0
1975100406_ahj,1975-10-12 00:00:00,-75.5,12.5,-70.5,43.0,95824.0,28.33,0.0
1975101612_ahk,1975-10-20 06:00:00,-74.0,22.0,-56.5,41.5,99038.0,21.94,0.0
1975102018_bwx,1975-11-02 12:00:00,-60.5,20.5,-22.0,46.0,97420.0,22.8,0.0
1975102712_ayx,1975-10-31 12:00:00,-79.5,11.5,-93.0,10.5,100536.0,15.49,0.0
1976020306_ahl,1976-02-06 06:00:00,-43.5,35.5,-29.5,36.0,99998.0,19.18,0.0
1976042306_bgi,1976-04-26 12:00:00,-84.0,32.5,-48.5,35.5,99897.0,17.88,0.0
1976072012_ayy,1976-07-24 06:00:00,-80.0,29.5,-70.5,38.0,101168.0,14.97,0.0
1976081100_bwz,1976-08-30 18:00:00,-40.0,24.5,-25.0,64.5,98790.0,16.35,0.0
1976081118_ayz,1976-08-14 12:00:00,-56.0,27.5,-59.5,35.0,101455.0,14.82,0.0
1976081812_aza,1976-08-21 18:00:00,-46.5,13.0,-66.0,17.5,101192.0,15.07,0.0
1976082406_bxa,1976-08-31 12:00:00,-12.5,18.0,-46.5,21.0,100931.0,14.45,0.0
1976082412_bpn,1976-08-27 18:00:00,-21.5,14.5,-31.0,20.0,100608.0,15.6,0.0
1976082500_ahm,1976-09-07 00:00:00,-23.5,12.0,-46.0,56.0,97993.0,20.34,0.0
1976083006_bpo,1976-09-05 18:00:00,-46.0,26.5,-39.5,40.5,101719.0,14.62,0.0
1976090118_azb,1976-09-08 06:00:00,-58.0,29.5,-6.0,67.0,98225.0,19.92,0.0
1976090400_bgj,1976-09-18 06:00:00,-26.5,15.5,-23.5,52.0,98152.0,23.99,0.0
1976090918_bpp,1976-09-25 00:00:00,-32.0,16.0,-24.5,42.0,97109.0,24.55,0.0
1976091018_aho,1976-09-14 12:00:00,-15.0,14.5,-24.5,23.0,100584.0,18.65,0.0
1976091112_bpq,1976-09-22 00:00:00,-20.0,13.0,-20.0,41.0,100263.0,16.97,0.0
1976091506_bxb,1976-09-24 00:00:00,-67.5,28.0,-24.0,37.5,100899.0,13.97,0.0
1976092318_ahp,1976-10-02 06:00:00,-5.5,11.5,-26.5,26.0,99861.0,17.9,0.0
1976092600_bpr,1976-10-07 00:00:00,-68.5,24.0,-17.5,38.5,99525.0,21.69,0.0
1976101500_bps,1976-10-17 18:00:00,-47.0,35.0,-37.5,38.0,101041.0,15.96,0.0
1976102112_bxc,1976-10-28 00:00:00,-81.5,17.0,-84.0,29.5,99975.0,15.7,0.0
1976102200_bpt,1976-11-05 12:00:00,-65.5,11.5,-96.0,22.0,100360.0,18.77,0.0
1976102406_ahq,1976-10-28 00:00:00,-21.5,33.5,-14.0,40.0,99980.0,17.79,0.0
1977053100_bpu,1977-06-06 00:00:00,-79.5,24.0,-29.0,46.5,98530.0,22.67,0.0
1977070106_ahr,1977-07-06 12:00:00,-17.5,10.5,-43.0,23.0,101061.0,16.54,0.0
1977081512_aze,1977-08-20 12:00:00,-67.0,35.0,-35.5,46.5,98119.0,24.28,0.0
1977081918_bgk,1977-08-25 06:00:00,-20.0,13.0,-53.0,24.0,101203.0,12.97,0.0
1977082300_bxe,1977-09-04 06:00:00,-29.0,14.0,-35.5,48.5,98737.0,21.44,0.0
1977082618_aht,1977-09-10 12:00:00,-56.5,29.0,-19.0,50.5,99171.0,24.19,0.0
1977082800_ahu,1977-09-04 18:00:00,-47.5,37.0,-21.5,52.0,98946.0,21.39,0.0
1977082912_bgl,1977-09-05 12:00:00,-79.0,28.0,-73.0,40.0,99953.0,15.45,0.0
1977083106_bxf,1977-09-06 00:00:00,-79.5,27.5,-68.0,44.0,100555.0,13.46,0.0
1977090200_ahv,1977-09-05 06:00:00,-48.0,18.5,-57.0,27.0,100451.0,19.13,0.0
1977090306_bxg,1977-09-10 12:00:00,-67.5,23.0,-38.5,52.0,99724.0,22.35,0.0
1977090706_bgm,1977-09-21 00:00:00,-12.5,16.5,-28.5,46.5,99076.0,22.21,0.0
1977090712_bxh,1977-09-12 12:00:00,-17.0,15.5,-41.0,19.0,100808.0,17.09,0.0
1977091206_bxi,1977-09-15 18:00:00,-15.5,15.0,-23.0,21.0,100401.0,16.1,0.0
1977091400_bxj,1977-09-23 00:00:00,-47.0,22.5,-22.5,52.0,99888.0,19.06,0.0
1977091612_bxk,1977-09-30 06:00:00,-15.0,11.5,-67.5,33.5,100638.0,18.48,0.0
1977092112_azf,1977-10-02 06:00:00,-86.5,17.0,-124.0,24.5,101041.0,11.72,0.0
1977100112_ahw,1977-10-07 18:00:00,-83.0,16.0,-84.0,29.0,100338.0,10.67,0.0
1977100506_bxm,1977-10-15 06:00:00,-79.0,11.0,-58.5,51.0,100839.0,18.87,0.0
1977100806_bgn,1977-10-15 12:00:00,-56.0,23.0,5.0,42.0,99253.0,19.28,0.0
1977101806_bgo,1977-10-23 00:00:00,-35.0,31.5,-35.0,46.0,99231.0,22.66,0.0
1977102512_bpv,1977-11-05 06:00:00,-81.0,10.0,-102.0,17.5,100846.0,10.64,0.0
1978033018_bpw,1978-04-03 12:00:00,-62.0,25.5,-48.0,33.0,98723.0,25.65,0.0
1978041418_bgp,1978-04-19 12:00:00,-73.0,32.5,-61.0,41.0,100098.0,17.17,0.0
1978042700_bgq,1978-05-01 00:00:00,-10.5,5.5,-22.5,10.0,100600.0,17.32,0.0
1978051212_bgr,1978-05-17 12:00:00,-13.5,4.5,-37.5,12.0,100350.0,20.06,0.0
1978051900_bxn,1978-05-23 18:00:00,-82.5,21.0,-97.5,23.5,100687.0,13.01,0.0
1978060312_ahx,1978-06-08 18:00:00,-87.0,17.0,-85.0,29.5,99540.0,19.29,0.0
1978070100_bxo,1978-07-03 12:00:00,-9.5,13.5,-24.5,16.0,100967.0,14.14,0.0
1978070712_bxp,1978-07-12 12:00:00,-81.0,41.0,-50.5,53.0,99269.0,20.51,0.0
1978071100_bgs,1978-07-15 18:00:00,-4.0,13.5,-23.5,20.5,100581.0,13.47,0.0
1978071312_bpx,1978-07-17 12:00:00,-73.0,33.0,-44.0,48.0,99218.0,20.84,0.0
1978072012_bxq,1978-07-23 12:00:00,-50.5,9.5,-65.5,13.0,100862.0,13.66,0.0
1978080806_bxs,1978-08-13 06:00:00,-12.0,19.5,-36.5,20.5,100575.0,13.88,0.0
1978081006_bxt,1978-08-14 06:00:00,-5.0,15.5,-26.0,19.0,100641.0,10.82,0.0
1978081606_azi,1978-08-20 06:00:00,-35.5,14.0,-52.5,22.0,101098.0,9.9,0.0
1978081718_bgu,1978-08-23 06:00:00,-21.0,13.5,-38.5,22.5,100702.0,12.17,0.0
1978081900_bxu,1978-09-16 06:00:00,-17.0,16.5,-52.5,57.5,98892.0,20.71,0.0
1978081906_bpy,1978-08-26 06:00:00,-67.0,33.0,-36.0,47.0,100718.0,15.31,0.0
1978082118_bxv,1978-09-15 12:00:00,-17.0,13.0,-21.0,42.5,100003.0,17.99,0.0
1978082812_bgv,1978-09-01 12:00:00,-54.0,39.0,-27.0,43.0,98446.0,25.79,0.0
1978083000_bxw,1978-09-03 12:00:00,-3.5,15.5,-14.0,27.5,101049.0,12.25,0.0
1978083112_ahy,1978-09-03 06:00:00,-17.5,14.5,-33.5,18.5,101211.0,12.16,0.0
1978090318_bqa,1978-09-11 00:00:00,-63.0,30.5,-28.0,42.5,99306.0,21.46,0.0
1978090318_bxx,1978-09-14 12:00:00,-12.0,15.0,-33.0,31.0,101498.0,10.5,0.0
1978090512_bgw,1978-09-14 00:00:00,-6.5,13.0,-32.0,30.0,100531.0,17.35,0.0
1978091300_bgy,1978-09-18 12:00:00,-69.5,26.5,-69.0,36.5,100813.0,15.16,0.0
1978091300_bxy,1978-09-18 06:00:00,-17.0,13.5,-45.5,15.0,100624.0,11.94,0.0
1978091306_bqb,1978-09-18 06:00:00,-39.5,33.5,-28.0,48.0,99511.0,23.88,0.0
1978091518_bxz,1978-09-21 00:00:00,-14.0,11.5,-26.0,25.5,100813.0,18.09,0.0
1978092006_bqc,1978-09-27 18:00:00,-89.5,20.5,-64.5,37.0,98621.0,23.71,0.0
1978093000_azl,1978-10-03 06:00:00,-42.0,26.5,-35.5,37.5,100678.0,19.2,0.0
1978100100_bgz,1978-10-04 00:00:00,-81.0,20.0,-62.5,30.5,98645.0,21.9,0.0
1978100706_azm,1978-10-12 00:00:00,-71.5,21.0,-91.5,28.5,100247.0,14.98,0.0
1978103100_azn,1978-11-20 12:00:00,-82.0,13.0,-114.0,19.0,100831.0,13.58,0.0
1978111912_bya,1978-11-22 12:00:00,-76.5,12.5,-87.5,12.5,100609.0,14.39,0.0
1978112306_byb,1978-11-27 18:00:00,-45.5,32.5,-41.5,57.0,97387.0,22.45,0.0
1979052300_bhb,1979-05-29 06:00:00,-57.5,40.0,-44.5,44.5,100417.0,14.32,0.0
1979060100_byc,1979-06-07 12:00:00,-90.0,23.0,-43.5,49.5,98369.0,19.78,0.0
1979061112_bhc,1979-06-14 06:00:00,-82.5,22.5,-65.5,32.5,99557.0,18.19,0.0
1979061512_bhd,1979-06-19 18:00:00,-81.5,30.0,-70.5,38.0,101667.0,11.19,0.0
1979062900_byd,1979-07-04 12:00:00,-77.0,29.0,-44.0,55.5,100440.0,14.7,0.0
1979063000_azo,1979-07-04 06:00:00,-27.0,9.0,-46.0,16.0,100637.0,19.29,0.0
1979071112_azp,1979-07-17 06:00:00,-77.5,32.0,-63.5,40.5,100893.0,15.91,0.0
1979072706_aia,1979-08-05 00:00:00,-97.5,44.0,-41.5,50.0,101349.0,14.08,0.0
1979080200_aib,1979-08-04 12:00:00,-15.5,17.0,-25.0,24.5,101305.0,13.38,0.0
1979080606_bhe,1979-08-09 12:00:00,-37.0,12.0,-49.5,15.0,100390.0,18.11,0.0
1979081018_bye,1979-08-15 12:00:00,-16.0,19.5,-36.5,18.5,101322.0,16.1,0.0
1979081712_bhf,1979-08-31 06:00:00,-5.5,16.5,-57.5,47.0,99536.0,14.67,0.0
1979081718_bqd,1979-09-01 00:00:00,-22.5,14.5,-9.5,50.5,100168.0,15.66,0.0
1979082100_byf,1979-08-25 12:00:00,-20.0,15.5,-42.5,22.5,101270.0,16.03,0.0
1979082200_azr,1979-09-08 18:00:00,-3.5,13.0,-6.0,68.5,99063.0,19.03,0.0
1979082306_bhg,1979-08-26 00:00:00,-12.0,17.0,-21.0,24.0,101175.0,9.92,0.0
1979082906_aic,1979-09-05 12:00:00,-19.0,13.0,-44.0,22.5,101163.0,13.91,0.0
1979090106_bqe,1979-09-05 00:00:00,-9.5,13.0,-30.0,16.0,100520.0,19.37,0.0
1979090706_aid,1979-09-14 12:00:00,-9.5,13.0,-47.0,25.5,101191.0,14.56,0.0
1979091018_bhh,1979-09-17 00:00:00,-43.0,29.0,-60.0,44.5,100584.0,15.48,0.0
1979091100_bqg,1979-09-19 12:00:00,-19.5,12.5,-62.5,30.0,101629.0,10.0,0.0
1979091312_byh,1979-09-16 18:00:00,-83.5,25.5,-64.5,30.0,100264.0,16.72,0.0
1979091512_bqh,1979-09-28 00:00:00,-19.0,13.0,-30.5,66.5,97442.0,24.9,0.0
1979091512_bqi,1979-09-24 00:00:00,-52.0,33.5,-20.0,39.5,99962.0,20.98,0.0
1979091606_aie,1979-09-22 00:00:00,-11.0,10.0,-33.5,17.5,100091.0,20.58,0.0
1979091806_azt,1979-09-25 00:00:00,-79.0,24.0,-47.5,52.0,95200.0,29.24,0.0
1979092606_aif,1979-10-04 00:00:00,-81.5,18.0,-54.0,43.5,98667.0,18.94,0.0
1979100800_bhj,1979-10-12 18:00:00,-43.5,23.0,-67.0,26.0,100883.0,11.33,0.0
1979101312_bqj,1979-10-17 18:00:00,-30.0,28.0,-22.5,60.0,98798.0,17.83,0.0
1979113018_byi,1979-12-13 12:00:00,-70.0,27.0,9.0,67.0,99427.0,18.86,0.0
1980062106_byj,1980-07-07 12:00:00,-87.0,28.5,-34.0,44.0,101937.0,11.16,0.0
1980081406_bhl,1980-08-29 06:00:00,-4.5,18.0,-70.0,41.0,99507.0,19.44,0.0
1980082100_bhn,1980-08-30 06:00:00,-23.0,15.5,-55.0,39.0,98041.0,26.48,0.0
1980082500_bho,1980-09-08 12:00:00,-26.0,14.0,-23.5,44.5,100535.0,17.96,0.0
1980082712_byk,1980-09-02 00:00:00,-67.5,24.0,-29.0,46.5,98785.0,20.55,0.0
1980082806_byl,1980-09-01 18:00:00,-6.0,14.0,-29.5,19.0,100125.0,17.22,0.0
1980083100_bym,1980-09-13 06:00:00,-53.0,12.5,-64.5,38.0,100818.0,14.48,0.0
1980090512_bhp,1980-09-11 18:00:00,-7.0,12.0,-28.0,23.5,100500.0,18.35,0.0
1980090806_byn,1980-09-13 06:00:00,-62.5,12.5,-93.0,15.0,100624.0,13.29,0.0
1980091106_bhq,1980-09-22 18:00:00,-10.5,13.0,-34.0,36.5,99849.0,21.05,0.0
1980091806_byo,1980-09-20 12:00:00,-59.5,31.5,-38.0,38.5,100454.0,18.71,0.0
1980092706_bhr,1980-09-30 12:00:00,-20.0,14.0,-35.5,13.5,100788.0,15.35,0.0
1980100312_bhs,1980-10-07 00:00:00,-50.5,20.5,-58.5,35.0,99960.0,19.78,0.0
1980111500_aig,1980-11-22 12:00:00,-43.5,25.0,-60.0,22.5,100592.0,14.42,0.0
1980112012_bht,1980-11-23 18:00:00,-31.5,37.5,-19.0,35.5,99346.0,21.47,0.0
1980120406_byp,1980-12-09 12:00:00,-54.0,40.0,-40.5,41.0,99551.0,16.97,0.0
1981032700_aih,1981-04-02 06:00:00,-50.0,19.5,-43.0,26.5,100262.0,15.83,0.0
1981060206_bhu,1981-06-05 12:00:00,-80.0,30.5,-66.5,43.5,100506.0,21.02,0.0
1981071200_byq,1981-07-17 06:00:00,-26.5,13.0,-55.0,26.5,101171.0,12.33,0.0
1981080200_bys,1981-08-05 18:00:00,-17.5,17.5,-36.0,27.5,101025.0,16.03,0.0
1981080712_byt,1981-08-14 12:00:00,-82.0,43.5,-57.0,41.0,99439.0,20.4,0.0
1981081318_bhw,1981-09-03 00:00:00,-26.5,13.0,-21.5,50.0,96505.0,24.22,0.0
1981081806_byu,1981-08-21 00:00:00,-7.0,19.0,-16.5,25.0,101083.0,9.93,0.0
1981082218_byv,1981-09-02 18:00:00,-18.5,11.0,-26.5,54.5,97190.0,22.85,0.0
1981082800_byw,1981-09-01 00:00:00,-23.0,10.5,-45.5,17.0,100846.0,14.21,0.0
1981090312_aii,1981-09-17 06:00:00,-16.0,16.5,-29.5,31.5,100364.0,18.26,0.0
1981090606_aij,1981-09-13 00:00:00,-3.0,12.5,-42.0,27.5,99211.0,21.01,0.0
1981091012_byy,1981-09-13 18:00:00,-12.5,18.5,-12.0,30.0,100852.0,14.82,0.0
1981091118_bhx,1981-09-16 12:00:00,-58.5,28.5,-33.0,53.5,98084.0,24.97,0.0
1981091212_aik,1981-09-15 06:00:00,-17.5,13.0,-36.0,14.0,100421.0,17.13,0.0
1981091306_byz,1981-09-17 06:00:00,-26.5,8.5,-40.5,16.5,100629.0,14.39,0.0
1981091612_bza,1981-10-07 06:00:00,-22.5,11.5,-50.0,53.0,97415.0,25.01,0.0
1981091706_ail,1981-09-20 06:00:00,-77.0,24.5,-68.5,33.5,100670.0,15.31,0.0
1981091812_bhy,1981-09-27 00:00:00,-4.0,13.0,-31.0,17.0,100632.0,10.47,0.0
1981101606_bhz,1981-11-03 06:00:00,-76.0,15.0,-40.0,33.0,100431.0,15.28,0.0
1981101712_bzc,1981-10-23 06:00:00,-86.5,19.5,-46.0,51.5,98835.0,22.24,0.0
1981110912_bzd,1981-11-14 18:00:00,-60.0,28.0,-44.5,55.5,98077.0,23.2,0.0
1982081106_bia,1982-09-01 12:00:00,-35.0,10.5,4.0,63.5,98337.0,18.3,0.0
1982081606_bib,1982-08-28 12:00:00,-29.0,15.5,-25.0,47.5,100004.0,15.75,0.0
1982082006_bze,1982-09-01 00:00:00,-32.0,13.0,-23.0,45.5,98913.0,22.49,0.0
1982082106_aim,1982-09-01 00:00:00,-60.5,28.0,-33.5,47.5,100763.0,18.34,0.0
1982082618_bzf,1982-09-24 00:00:00,-31.5,14.5,-9.0,68.5,98543.0,17.0,0.0
1982082800_bzg,1982-09-13 18:00:00,-21.5,14.5,-23.0,43.5,100189.0,17.48,0.0
1982082812_bzh,1982-09-06 18:00:00,-5.0,16.5,-47.0,31.5,96426.0,31.54,0.0
1982083100_bic,1982-09-15 18:00:00,-14.0,12.0,-35.5,45.5,101054.0,15.45,0.0
1982090118_bzi,1982-09-21 18:00:00,-13.5,12.0,-14.5,56.0,101280.0,13.89,0.0
1982091206_ain,1982-09-15 18:00:00,-9.5,13.5,-20.5,21.0,100336.0,16.01,0.0
1982091400_aio,1982-09-20 06:00:00,-53.0,32.5,-28.0,53.5,99247.0,16.69,0.0
1982091400_bid,1982-09-25 12:00:00,-17.5,14.0,-35.0,37.5,99762.0,18.52,0.0
1982091706_bzj,1982-09-22 06:00:00,-17.5,15.0,-23.5,21.0,100615.0,11.73,0.0
1982091712_aip,1982-09-22 06:00:00,-15.0,11.5,-36.5,19.0,100645.0,14.6,0.0
1982092606_aiq,1982-10-03 06:00:00,-38.0,28.5,-25.0,32.0,99725.0,14.71,0.0
1982092612_bzk,1982-10-02 12:00:00,-18.5,19.0,-28.0,19.0,100542.0,14.37,0.0
1982101600_bie,1982-10-18 18:00:00,-7.0,35.0,-18.0,37.5,100403.0,16.06,0.0
1982110406_bif,1982-11-08 00:00:00,-45.5,41.0,-21.0,41.0,99113.0,21.21,0.0
1982111406_big,1982-11-25 12:00:00,-57.5,9.5,-71.5,12.5,100842.0,10.81,0.0
1983070812_bii,1983-07-11 12:00:00,-19.5,13.0,-36.0,20.0,101339.0,12.0,0.0
1983072112_bij,1983-07-25 00:00:00,-52.0,34.0,-63.5,33.5,101163.0,12.06,0.0
1983072706_bzm,1983-08-06 12:00:00,-76.5,23.5,-63.0,46.0,99951.0,17.56,0.0
1983080118_bik,1983-08-05 06:00:00,-10.0,17.5,-22.5,17.0,100694.0,10.96,0.0
1983080706_bzn,1983-08-11 18:00:00,-11.5,15.0,-33.5,25.0,101027.0,17.77,0.0
1983080800_air,1983-08-12 18:00:00,-29.0,11.5,-59.5,16.0,101012.0,16.0,0.0
1983080918_bzo,1983-08-14 00:00:00,-55.0,23.0,-54.5,39.0,101237.0,14.15,0.0
1983081218_bil,1983-08-17 00:00:00,-16.0,17.5,-34.0,18.0,101304.0,11.31,0.0
1983082018_ais,1983-08-23 12:00:00,-56.0,32.0,-44.0,29.0,100851.0,15.76,0.0
1983082300_bim,1983-08-31 12:00:00,-4.5,16.5,-40.0,19.0,100787.0,14.88,0.0
1983082412_bzp,1983-09-05 18:00:00,-31.5,19.0,-42.5,48.5,97036.0,22.35,0.0
1983083006_bio,1983-09-09 18:00:00,-71.5,25.5,-32.5,54.5,99408.0,13.05,0.0
1983083018_bip,1983-09-12 12:00:00,-16.5,12.0,-24.0,51.0,98073.0,21.78,0.0
1983083106_bzq,1983-09-03 00:00:00,-34.0,15.5,-48.0,18.0,100968.0,14.26,0.0
1983090512_aiv,1983-09-09 18:00:00,-66.0,37.0,-45.0,45.0,100591.0,14.07,0.0
1983091000_biq,1983-09-25 00:00:00,-35.5,13.5,-14.0,51.0,100033.0,14.63,0.0
1983091812_bir,1983-09-23 06:00:00,-22.5,14.5,-30.0,30.0,101463.0,13.86,0.0
1983092806_bis,1983-10-20 18:00:00,-63.5,17.0,-0.5,56.0,98197.0,25.43,0.0
1983100918_aiw,1983-10-17 12:00:00,-54.0,26.0,-56.0,46.5,98824.0,20.9,0.0
1983101506_bzs,1983-10-30 18:00:00,-81.0,19.5,-76.0,31.5,100119.0,18.61,0.0
1983111106_bzt,1983-11-14 06:00:00,-79.0,12.0,-79.0,21.5,100615.0,19.57,0.0
1984052606_aix,1984-05-29 00:00:00,-49.5,23.5,-48.0,34.5,101372.0,13.47,0.0
1984072100_aiz,1984-07-29 18:00:00,-30.0,11.0,-66.0,33.5,101878.0,13.44,0.0
1984073112_bzv,1984-08-09 06:00:00,-85.5,29.0,-14.0,55.5,98907.0,16.36,0.0
1984080612_bzw,1984-08-16 18:00:00,-65.0,28.0,-14.5,51.5,97593.0,22.22,0.0
1984081700_aja,1984-09-01 00:00:00,-53.5,15.5,-33.5,55.5,98541.0,20.88,0.0
1984081912_bit,1984-08-28 00:00:00,-62.0,14.5,-70.5,39.0,101172.0,12.97,0.0
1984082400_ajb,1984-08-26 12:00:00,-10.5,15.0,-24.0,23.0,101032.0,12.11,0.0
1984082818_ajc,1984-09-01 00:00:00,-20.0,13.5,-38.5,16.5,100699.0,19.41,0.0
1984082912_ajd,1984-09-09 00:00:00,-74.0,24.0,-37.0,52.5,95595.0,25.47,0.0
1984082912_biu,1984-09-03 18:00:00,-5.0,14.5,-20.0,20.0,100736.0,12.6,0.0
1984090212_aje,1984-09-05 00:00:00,-14.0,16.5,-24.0,19.5,100874.0,10.68,0.0
1984092118_ajg,1984-10-04 12:00:00,-32.0,14.0,-16.5,46.0,98681.0,27.45,0.0
1984102100_ajh,1984-10-28 12:00:00,-47.5,30.0,-33.5,59.5,99387.0,20.78,0.0
1985081706_aji,1985-09-01 06:00:00,-2.5,12.5,-26.0,55.0,98520.0,24.13,0.0
1985082618_ajk,1985-09-07 06:00:00,-71.0,30.0,-50.0,44.0,99543.0,19.59,0.0
1986082018_ajm,1986-08-23 12:00:00,-22.0,11.5,-41.0,15.0,100986.0,16.61,0.0
1986082018_ajn,1986-08-28 00:00:00,-60.5,30.5,-37.5,52.5,100147.0,18.04,0.0
1986082418_ajo,1986-08-29 12:00:00,-30.0,12.5,-50.5,21.0,100788.0,16.73,0.0
1986082806_ajp,1986-09-05 12:00:00,-77.0,31.0,-15.0,51.5,98622.0,20.61,0.0
1986091812_ajq,1986-09-26 00:00:00,-20.0,10.5,-45.5,25.0,100886.0,11.94,0.0
1986110106_ajr,1986-11-03 18:00:00,-78.0,25.0,-71.0,37.5,99484.0,24.54,0.0
1987080900_ajs,1987-08-15 00:00:00,-2.0,16.5,-29.0,17.5,100881.0,12.23,0.0
1987081606_ajt,1987-09-02 00:00:00,-64.5,20.5,-45.0,59.0,97116.0,24.04,0.0
1987081818_aju,1987-08-23 18:00:00,-55.0,26.0,-34.5,49.5,99463.0,21.26,0.0
1987102912_ajv,1987-11-06 18:00:00,-47.5,26.0,-18.5,42.0,101787.0,9.0,0.0
1988071818_ajx,1988-07-23 12:00:00,-77.0,14.5,-97.0,20.5,100896.0,10.48,0.0
1988090606_ajz,1988-09-22 12:00:00,-19.0,12.5,-21.5,47.0,97994.0,27.94,0.0
1988112618_aka,1988-12-01 00:00:00,-48.0,30.0,-39.0,34.0,100185.0,16.22,0.0
1989072618_akb,1989-08-12 18:00:00,-32.5,10.5,-45.0,50.0,99965.0,12.4,0.0
1989082506_akc,1989-08-28 12:00:00,-12.5,17.5,-19.0,26.5,101082.0,10.22,0.0
1989083106_akd,1989-09-13 12:00:00,-23.0,15.5,-20.5,40.5,100476.0,13.6,0.0
1989091406_ake,1989-09-20 12:00:00,-12.5,16.5,-34.0,20.0,101270.0,12.84,0.0
1989091512_akf,1989-09-17 18:00:00,-53.5,25.5,-64.0,26.0,101076.0,12.74,0.0
1989092612_akg,1989-09-30 06:00:00,-19.0,10.5,-31.5,14.5,100104.0,16.1,0.0
1990062400_aki,1990-06-30 18:00:00,-84.0,24.0,-57.5,43.0,99697.0,17.44,0.0
1990081618_akj,1990-08-20 18:00:00,-34.0,13.5,-54.5,16.5,100845.0,14.25,0.0
1990090206_akk,1990-09-12 12:00:00,-75.5,31.0,-16.5,47.5,99304.0,15.33,0.0
1990091312_akl,1990-09-16 18:00:00,-26.5,13.5,-39.0,19.5,100840.0,15.15,0.0
1990101206_akm,1990-10-17 00:00:00,-77.5,13.5,-71.0,27.5,100174.0,17.1,0.0
1991060618_akn,1991-06-14 00:00:00,-93.0,24.5,-73.5,38.5,99342.0,18.69,0.0
1991070900_ako,1991-07-13 18:00:00,-79.5,34.5,-63.5,43.5,100566.0,12.4,0.0
1991072118_akp,1991-07-29 18:00:00,-72.0,28.5,-31.0,56.5,100003.0,14.49,0.0
1991073112_akr,1991-08-08 12:00:00,-73.0,27.0,-53.0,62.0,99770.0,22.01,0.0
1992072518_aks,1992-07-29 00:00:00,-73.5,36.5,-63.0,39.0,101243.0,13.57,0.0
1992081112_aku,1992-08-17 18:00:00,-60.5,33.0,-35.0,54.5,99069.0,20.02,0.0
1992100806_akv,1992-10-17 18:00:00,-81.0,13.5,-94.5,12.5,100505.0,19.6,0.0
1992103012_akw,1992-11-04 00:00:00,-68.0,32.5,-62.0,41.5,99311.0,15.02,0.0
1992111118_akx,1992-11-19 06:00:00,-41.0,26.0,-18.0,66.5,98274.0,23.22,0.0
1993020512_aky,1993-02-08 18:00:00,-34.5,43.0,-16.0,37.5,98737.0,18.29,0.0
1993040500_akz,1993-04-10 00:00:00,-35.5,32.0,-22.0,44.5,100276.0,13.92,0.0
1993062306_ala,1993-06-25 18:00:00,-90.0,25.5,-74.5,36.5,100244.0,20.62,0.0
1993081218_alb,1993-08-17 18:00:00,-7.0,16.0,-29.5,25.0,100794.0,17.31,0.0
1993082212_alc,1993-09-09 00:00:00,-23.5,12.5,1.5,68.5,97675.0,19.01,0.0
1994081412_ald,1994-08-30 18:00:00,-16.5,12.5,-19.5,58.0,99225.0,14.04,0.0
1994082912_ale,1994-09-06 06:00:00,-74.5,34.0,-47.0,55.5,98014.0,22.57,0.0
1994083112_alf,1994-09-03 18:00:00,-13.5,13.0,-37.0,15.0,100384.0,18.22,0.0
1994092018_alh,1994-09-27 12:00:00,-65.0,27.0,-36.0,46.0,99073.0,20.82,0.0
1995081706_all,1995-08-30 18:00:00,-17.0,15.0,-56.5,34.5,99816.0,16.73,0.0
1995081706_alm,1995-08-20 12:00:00,-59.5,37.0,-48.5,44.0,101207.0,14.7,0.0
1995100212_alp,1995-10-05 18:00:00,-87.0,18.0,-97.0,26.0,100210.0,16.12,0.0
1995100712_alq,1995-10-18 18:00:00,-80.0,14.0,-37.0,53.0,98548.0,21.13,0.0
1995102800_alr,1995-11-01 18:00:00,-78.0,12.5,-63.0,38.5,100248.0,25.53,0.0
1996082200_alu,1996-08-29 06:00:00,-36.5,11.5,-52.0,19.5,100836.0,16.86,0.0
1996082706_alv,1996-08-31 18:00:00,-1.5,15.0,-15.0,30.0,100927.0,11.75,0.0
1997010106_aly,1997-01-05 06:00:00,-29.0,35.0,-24.5,42.5,100385.0,16.67,0.0
1997082206_alz,1997-08-27 12:00:00,-15.0,14.5,-46.0,21.5,101028.0,16.38,0.0
1997090700_amb,1997-09-10 12:00:00,-50.0,17.0,-69.5,27.0,101199.0,12.34,0.0
1997102506_amc,1997-11-03 00:00:00,-60.5,31.0,-60.0,49.5,99010.0,19.66,0.0
1998091200_amf,1998-09-15 12:00:00,-15.0,17.5,-37.5,20.0,100800.0,16.56,0.0
1998091606_amg,1998-09-21 00:00:00,-56.5,14.5,-68.5,27.0,100837.0,18.07,0.0
1998093012_amh,1998-10-14 18:00:00,-80.5,18.0,-45.5,59.0,95531.0,26.52,0.0
1998101606_ami,1998-10-30 18:00:00,-63.5,16.5,-18.5,42.0,101284.0,13.7,0.0
1999071012_amj,1999-07-13 18:00:00,-84.0,28.0,-94.5,28.5,99864.0,18.8,0.0
1999090312_aml,1999-09-07 06:00:00,-5.5,17.0,-10.5,32.5,100525.0,18.67,0.0
1999090906_amm,1999-09-25 00:00:00,-14.5,17.0,-49.0,48.0,99601.0,17.6,0.0
1999092206_amo,1999-09-28 00:00:00,-80.0,18.0,-54.5,64.5,97617.0,22.47,0.0
1999100100_amp,1999-10-08 12:00:00,-15.5,10.5,-40.5,15.0,100705.0,15.56,0.0
1999101600_amr,1999-10-21 06:00:00,-53.0,23.0,-52.5,51.0,99846.0,19.49,0.0
1999110106_ams,1999-11-05 00:00:00,-78.5,11.0,-81.5,21.5,100186.0,14.79,0.0
2000062918_amt,2000-07-06 12:00:00,-60.5,38.0,-41.5,43.0,100431.0,15.99,0.0
2000080206_amv,2000-08-08 18:00:00,-77.5,33.0,-45.0,57.0,99713.0,19.14,0.0
2000081506_amw,2000-08-18 12:00:00,-11.0,13.5,-29.5,20.0,101426.0,10.43,0.0
2000082206_amx,2000-08-25 00:00:00,-54.5,29.0,-53.5,41.0,101437.0,18.26,0.0
2000090318_amy,2000-09-29 12:00:00,-18.5,13.5,-38.5,52.5,100905.0,16.35,0.0
2000090818_amz,2000-09-13 00:00:00,-9.0,12.5,-35.5,18.5,100934.0,11.31,0.0
2000092100_ana,2000-09-24 00:00:00,-14.5,14.0,-27.0,14.0,100853.0,11.43,0.0
2000092606_anb,2000-10-02 18:00:00,-55.0,29.0,-36.0,47.0,98967.0,22.65,0.0
2000120600_anc,2000-12-12 12:00:00,-35.5,44.5,-16.5,33.5,99420.0,17.66,0.0
2001070400_and,2001-07-06 18:00:00,-15.0,15.5,-33.0,16.0,100972.0,11.12,0.0
2001083018_ane,2001-09-05 18:00:00,-4.5,17.0,-31.0,21.0,100357.0,16.94,0.0
2001090200_anf,2001-09-06 12:00:00,-49.5,32.5,-25.5,49.5,100309.0,19.78,0.0
2001090506_ang,2001-09-09 12:00:00,-12.5,17.0,-33.0,19.0,101055.0,11.79,0.0
2001091112_ani,2001-09-25 00:00:00,-68.0,22.5,-67.5,40.5,100801.0,16.02,0.0
2001102812_anj,2001-11-02 00:00:00,-42.0,29.5,-23.0,39.5,98858.0,22.32,0.0
2002082906_ank,2002-09-06 12:00:00,-8.5,18.0,-28.5,23.5,100167.0,16.86,0.0
2002091312_anl,2002-09-24 06:00:00,-50.5,26.0,-26.5,52.5,95199.0,28.89,0.0
2002092312_anm,2002-10-10 00:00:00,-16.0,14.5,-20.0,39.0,100386.0,13.35,0.0
2003073006_anp,2003-08-04 06:00:00,-71.5,34.0,-41.0,51.5,99987.0,17.98,0.0
2003080606_anr,2003-08-09 18:00:00,-29.0,12.5,-40.5,15.0,100847.0,14.6,0.0
2003081618_ans,2003-08-20 00:00:00,-4.0,14.5,-20.0,23.0,100682.0,14.65,0.0
2003090300_ant,2003-09-07 12:00:00,-16.5,16.0,-36.0,23.5,100774.0,19.73,0.0
2003091512_anu,2003-09-22 12:00:00,-41.5,28.0,-44.5,40.5,100510.0,18.26,0.0
2003092312_anv,2003-09-29 12:00:00,-12.0,13.5,-35.0,20.5,100708.0,18.91,0.0
2003092812_anw,2003-10-04 18:00:00,-20.0,13.5,-43.5,18.5,100135.0,19.83,0.0
2004032006_anx,2004-03-28 12:00:00,-74.5,40.0,-19.5,59.5,98103.0,18.63,0.0
2004081412_any,2004-08-28 00:00:00,-9.0,14.0,-25.5,49.5,100245.0,20.46,0.0
2004081906_anz,2004-08-23 12:00:00,-4.5,16.0,-23.5,25.5,100925.0,14.49,0.0
2004091606_aob,2004-09-23 00:00:00,-31.5,42.0,-9.5,43.5,100201.0,20.88,0.0
2005080218_aoc,2005-08-11 18:00:00,-81.5,24.5,-50.5,45.0,98967.0,16.98,0.0
2005082006_aod,2005-08-27 06:00:00,-10.0,18.0,-35.0,34.5,101310.0,14.47,0.0
2005090618_aoe,2005-09-15 06:00:00,-64.0,24.0,-45.5,50.5,98376.0,24.34,0.0
2006051700_aof,2006-05-21 12:00:00,-52.5,29.0,-32.5,44.5,99494.0,16.14,0.0
2006071500_aog,2006-07-21 06:00:00,-35.5,8.5,-73.5,24.0,100920.0,12.34,0.0
2006072600_aoh,2006-07-28 12:00:00,-16.0,19.0,-23.5,23.5,100943.0,10.2,0.0
2006080212_aoi,2006-08-11 12:00:00,-42.0,19.5,-42.5,51.0,99313.0,19.08,0.0
2006090418_aoj,2006-09-12 06:00:00,-70.0,27.0,-59.5,34.0,99979.0,19.01,0.0
2006090506_aok,2006-09-09 06:00:00,-19.0,14.0,-37.0,19.0,100729.0,17.8,0.0
2006092706_aol,2006-09-29 18:00:00,-69.0,21.0,-74.5,30.5,100076.0,16.88,0.0
2006101218_aom,2006-10-19 00:00:00,-52.5,14.5,-73.0,24.5,100177.0,14.49,0.0
2006101818_aon,2006-10-27 00:00:00,-43.0,27.5,-57.5,58.5,96929.0,20.11,0.0
2006102206_aoo,2006-10-26 12:00:00,-75.5,15.0,-63.5,32.0,100242.0,22.34,0.0
2006102618_aop,2006-11-03 06:00:00,-78.5,15.0,-66.0,30.0,99524.0,21.29,0.0
2006112206_aoq,2006-11-26 18:00:00,-59.0,33.0,-59.0,44.0,99872.0,17.97,0.0
2007031806_aor,2007-03-24 18:00:00,-38.5,30.0,4.0,64.0,99818.0,15.13,0.0
2007081906_aot,2007-08-28 18:00:00,-7.0,15.0,-55.0,26.5,100427.0,16.99,0.0
2007082506_aou,2007-09-07 12:00:00,-22.0,12.5,-50.5,52.0,98208.0,23.72,0.0
2007092200_aov,2007-10-06 00:00:00,-2.5,12.0,-28.5,57.0,98853.0,20.29,0.0
2007092200_aow,2007-10-02 00:00:00,-73.5,33.0,-12.5,59.5,98968.0,18.36,0.0
2007100500_aox,2007-10-07 06:00:00,-24.0,7.0,-35.5,11.0,100397.0,18.78,0.0
2007100712_aoy,2007-10-18 06:00:00,-81.0,12.0,-109.0,17.0,100304.0,15.29,0.0
2007101800_aoz,2007-10-27 12:00:00,-50.5,22.0,-31.5,35.5,100680.0,18.68,0.0
2008052400_apb,2008-05-28 18:00:00,-16.0,4.0,-50.5,12.0,100854.0,16.69,0.0
2008061618_apc,2008-06-19 12:00:00,-38.5,9.5,-58.0,12.5,100792.0,19.5,0.0
2008062018_apd,2008-06-23 00:00:00,-16.5,9.0,-28.0,13.5,100942.0,13.4,0.0
2008081506_ape,2008-08-24 06:00:00,-29.5,13.0,-52.0,20.5,100782.0,11.72,0.0
2008082306_apf,2008-09-06 00:00:00,-17.0,14.0,-47.5,55.0,98653.0,20.81,0.0
2008090112_apg,2008-09-07 18:00:00,-78.0,27.5,-72.5,40.5,99864.0,17.17,0.0
2008091400_api,2008-09-26 18:00:00,-17.5,14.5,-47.0,42.0,99312.0,20.49,0.0
2008091712_apj,2008-09-20 00:00:00,-40.0,30.0,-52.0,30.0,101181.0,15.4,0.0
2008092406_apk,2008-09-28 18:00:00,-34.0,12.5,-52.0,14.0,100459.0,13.62,0.0
2009062812_apl,2009-07-01 18:00:00,-94.0,40.0,-66.0,39.0,99216.0,25.3,0.0
2009081606_apm,2009-08-20 00:00:00,-3.0,14.5,-23.5,18.5,100827.0,12.01,0.0
2010070700_app,2010-07-13 00:00:00,-79.5,31.0,-35.5,46.5,100010.0,21.03,0.0
2010082200_apq,2010-09-03 06:00:00,-23.0,13.0,-4.0,50.0,98796.0,18.1,0.0
2010082800_apr,2010-08-31 06:00:00,-86.5,17.0,-93.0,23.0,100589.0,12.1,0.0
2010091206_aps,2010-09-26 06:00:00,-16.0,14.0,-34.0,48.5,100750.0,17.33,0.0
2011062612_apv,2011-07-06 00:00:00,-25.0,12.0,-63.5,23.0,101103.0,13.95,0.0
2011080912_apw,2011-08-21 18:00:00,-58.0,24.5,-23.0,53.5,99155.0,18.41,0.0
2011082100_apx,2011-09-02 00:00:00,-22.5,15.5,-67.0,42.0,99616.0,23.14,0.0
2011082606_apy,2011-08-29 12:00:00,-84.0,16.5,-103.0,18.0,100175.0,16.4,0.0
2011082712_apz,2011-08-31 18:00:00,-35.5,22.5,-46.0,37.5,101963.0,12.32,0.0
2011083106_aqa,2011-09-03 00:00:00,-28.5,14.5,-39.0,22.5,100640.0,21.96,0.0
2011091018_aqb,2011-09-27 12:00:00,-27.5,9.5,-42.5,39.0,100819.0,18.12,0.0
2011101500_aqd,2011-10-21 00:00:00,-65.0,14.5,-74.5,34.5,97906.0,30.34,0.0
2011111100_aqf,2011-11-17 18:00:00,-54.5,28.0,-65.0,29.0,99754.0,17.93,0.0
2012060606_aqh,2012-06-11 00:00:00,-95.0,19.5,-83.5,28.5,99760.0,17.13,0.0
2012072818_aqi,2012-08-03 18:00:00,-79.0,34.5,-60.0,58.5,98945.0,15.32,0.0
2012081118_aqj,2012-08-26 12:00:00,-84.5,28.0,-75.5,34.5,100982.0,10.36,0.0
2012082806_aqk,2012-09-07 00:00:00,-4.0,15.5,-34.0,17.5,101123.0,13.22,0.0
2012090718_aql,2012-09-19 06:00:00,-19.0,14.5,-32.5,25.5,99567.0,19.5,0.0
2012091306_aqm,2012-09-21 06:00:00,-55.0,21.0,-54.5,64.5,97363.0,23.21,0.0
2012092612_aqn,2012-10-13 18:00:00,-59.5,21.5,-27.5,36.0,100931.0,14.61,0.0
2013070318_aqo,2013-07-09 00:00:00,-45.0,7.5,-65.5,14.5,100798.0,15.27,0.0
2013073100_aqp,2013-08-07 18:00:00,-65.0,26.5,-45.5,46.5,99136.0,21.15,0.0
2013080306_aqq,2013-08-15 18:00:00,-17.5,12.0,-56.0,30.0,101530.0,12.1,0.0
2013082912_aqt,2013-09-01 00:00:00,-71.5,35.5,-59.5,37.0,101121.0,14.39,0.0
2013090912_aqu,2013-09-12 12:00:00,-18.0,16.0,-32.0,19.5,101304.0,14.89,0.0
2013092206_aqv,2013-09-26 00:00:00,-60.0,35.5,-37.5,51.0,97716.0,24.43,0.0
2013092706_aqw,2013-10-11 06:00:00,-51.0,25.5,-50.0,42.5,100748.0,12.57,0.0
2013101112_aqx,2013-10-18 00:00:00,-58.0,19.5,-54.0,64.0,97743.0,17.6,0.0
2013101700_aqy,2013-10-28 00:00:00,-54.0,16.0,-14.5,38.0,99894.0,18.15,0.0
2014061618_aqz,2014-06-23 06:00:00,-88.0,38.0,-46.0,45.0,100339.0,13.75,0.0
2014080806_ara,2014-08-12 00:00:00,-54.5,34.5,-50.5,44.5,102050.0,12.66,0.0
2014083006_arb,2014-09-05 00:00:00,-1.5,14.0,-25.0,19.5,100862.0,13.59,0.0
2014090418_arc,2014-09-11 06:00:00,-11.0,15.0,-40.0,20.5,100898.0,14.85,0.0
2014091406_ard,2014-09-25 18:00:00,-56.5,22.0,-25.5,64.0,98492.0,20.29,0.0
